record_key,date,date_precision,calendar,kind,direction,sender,recipient,place,language,language_detail,period,edition_of_record,tboo_volume,tboo_page_first,tboo_page_last,witness_class,witness_lines,translation_grade,collated,hven_kassel,concerns_press,abstract,tekstnet_url,letter_page
brahe-t_15680114001,1568-01-14,day,os,letter,from,Tycho Brahe,Hans Aalborg,Rostock,Latin,Latin,early,"Dreyer, Tychonis Brahe Dani Opera Omnia (1913–29)",VII,3,3,mixed,3,A,yes,no,no,"Reports safe arrival in Rostock, plans to winter in the Jurists' College for observations, and urges the recipient to keep the reasons for his departure secret.",https://tekstnet.dk/books/brahe-t_letters/brahe-t_15680114001/,letters/brahe-t_15680114001.html
brahe-t_15710518001,1571-05-18,day,os,letter,from,Tycho Brahe,Anders Sørensen Vedel,Helsingborg,Latin,Latin,early,"Dreyer, Tychonis Brahe Dani Opera Omnia (1913–29)",VII,3,5,copies-only,1,A,yes,no,yes,Acknowledges a letter of consolation on his father's death and reflects on theological and philosophical sources of comfort available to him.,https://tekstnet.dk/books/brahe-t_letters/brahe-t_15710518001/,letters/brahe-t_15710518001.html
brahe-t_15711113001,1571-11-13,day,os,letter,to,Hieronymus Wolf,Tycho Brahe,Augsburg,Latin,Latin / Greek,early,"Friis, Tychonis Brahei et ad eum doctorum virorum epistolae ab anno 1568 ad annum 1587 (1876–86)",VII,5,7,unmarked-only,1,A,yes,no,yes,"Acknowledges three letters from Tycho, congratulates him on newfound independence after his father's death, and offers cautious advice on a planned threefold journey.",https://tekstnet.dk/books/brahe-t_letters/brahe-t_15711113001/,letters/brahe-t_15711113001.html
brahe-t_15720507001,1572-05-07,day,os,letter,to,Johannes Pratensis,Tycho Brahe,Copenhagen,Latin,Latin,early,"Dreyer, Tychonis Brahe Dani Opera Omnia (1913–29)",VII,6,8,unmarked-only,1,A,yes,no,yes,"Responds with playful alchemical and Neoplatonic imagery to praise the extemporaneous quality of Tycho's writing, comparing its heat to solar and divine inspiration.",https://tekstnet.dk/books/brahe-t_letters/brahe-t_15720507001/,letters/brahe-t_15720507001.html
brahe-t_15720517001,1572-05-17,day,os,letter,from,Tycho Brahe,Johannes Pratensis,Herrevad,Latin,Latin,early,"Dreyer, Tychonis Brahe Dani Opera Omnia (1913–29)",VII,9,10,unmarked-only,2,A,yes,no,yes,"Replies in hendecasyllabic verse cast as prose, expressing delight at Pratensis's letter and lamenting the displacement of true learning by scholastic barbarism.",https://tekstnet.dk/books/brahe-t_letters/brahe-t_15720517001/,letters/brahe-t_15720517001.html
brahe-t_15730416001,1573-04-16,day,os,letter,to,Johannes Pratensis,Tycho Brahe,Copenhagen,Latin,Latin,early,"Dreyer, Tychonis Brahe Dani Opera Omnia (1913–29)",VII,10,13,unmarked-only,2,A,yes,no,yes,"Reports on the gilding of Tycho's celestial globe — the goldsmith cannot lay gold stars on silver, the painter would smother the engraving — and urges an all-gold scheme with matt figures on a burnished ground, costed at four rose nobles; then on the printing of De nova stella, arguing Tycho out of the title-word Lucubrationes.",https://tekstnet.dk/books/brahe-t_letters/brahe-t_15730416001/,letters/brahe-t_15730416001.html
brahe-t_15730701001,1573-07-01,day,os,letter,to,Johannes Major,Tycho Brahe,Augsburg,Latin,Latin,early,"Dreyer, Tychonis Brahe Dani Opera Omnia (1913–29)",VII,13,14,unmarked-only,1,A,yes,no,yes,"Sends a kinsman with greetings and solicits Tycho's opinion on the new star of 1572, noting sharp disagreement among learned men over its nature.",https://tekstnet.dk/books/brahe-t_letters/brahe-t_15730701001/,letters/brahe-t_15730701001.html
brahe-t_15740310001,1574-03-10,day,os,letter,to,Paul Hainzel,Tycho Brahe,Augsburg,Latin,Latin / Greek,early,"Dreyer, Tychonis Brahe Dani Opera Omnia (1913–29)",VII,14,15,unmarked-only,1,A,yes,no,yes,"Reports observations of the 1572 Cassiopeia star made with the Augsburg quadrant, finding zero parallax and therefore a supralunary position, despite reluctance to contradict Aristotle.",https://tekstnet.dk/books/brahe-t_letters/brahe-t_15740310001/,letters/brahe-t_15740310001.html
brahe-t_15750307001,1575-03-07,day,os,letter,to,Hieronymus Wolf,Tycho Brahe,Augsburg,Latin,Latin / Greek,early,"Dreyer, Tychonis Brahe Dani Opera Omnia (1913–29)",VII,15,18,unmarked-only,1,A,yes,no,yes,"Reports that a carrier's treachery caused Tycho to miss acquiring Ambrosius's library and Schreckenfuchs's armilla, and offers to help procure the latter.",https://tekstnet.dk/books/brahe-t_letters/brahe-t_15750307001/,letters/brahe-t_15750307001.html
brahe-t_15750311001,1575-03-11,day,os,letter,to,Paul Hainzel,Tycho Brahe,Augsburg,Latin,Latin,early,"Dreyer, Tychonis Brahe Dani Opera Omnia (1913–29)",VII,19,21,unmarked-only,2,A,yes,no,yes,Reports that Schreckenfuchs's Ptolemaic armillae have been obtained and will be sent with Regiomontanus's treatise on the instrument's construction and use.,https://tekstnet.dk/books/brahe-t_letters/brahe-t_15750311001/,letters/brahe-t_15750311001.html
brahe-t_15750406001,1575-04-06,day,os,letter,to,George Buchanan,Tycho Brahe,Stirling,Latin,Latin,early,"Buchanan, Opera omnia (Ruddiman, Edinburgh 1715)",VII,21,22,unmarked-only,1,A,yes,no,no,Acknowledges receipt of the book *On the New Star* and praises Tycho for restoring astronomy from common neglect to its proper dignity.,https://tekstnet.dk/books/brahe-t_letters/brahe-t_15750406001/,letters/brahe-t_15750406001.html
brahe-t_15760131001,1576-01-31,day,os,letter,to,Johannes Pratensis,Tycho Brahe,Copenhagen,Latin,Latin,early,"Dreyer, Tychonis Brahe Dani Opera Omnia (1913–29)",VII,22,24,unmarked-only,2,A,yes,no,yes,Confirms forwarding a sealed box and money to Rostock and expresses eagerness to hear Tycho's news from his recent travels through Germany.,https://tekstnet.dk/books/brahe-t_letters/brahe-t_15760131001/,letters/brahe-t_15760131001.html
brahe-t_15760214001,1576-02-14,day,os,letter,from,Tycho Brahe,Johannes Pratensis,Knutstorp,Latin,Latin,early,"Dreyer, Tychonis Brahe Dani Opera Omnia (1913–29)",,24,29,unmarked-only,2,B,yes,no,yes,"Confirms the Rostock business was handled and reveals a secret plan to depart for Germany, asking Pratensis to share it only with the French Ambassador Dançay.",https://tekstnet.dk/books/brahe-t_letters/brahe-t_15760214001/,letters/brahe-t_15760214001.html
brahe-t_15760215001,1576-02-15,day,os,letter,to,Johannes Pratensis,Tycho Brahe,Copenhagen,Latin,Latin,early,"Friis, Tychonis Brahei et ad eum doctorum virorum epistolae ab anno 1568 ad annum 1587 (1876–86)",VII,29,32,unmarked-only,2,A,yes,no,yes,"Expresses joy at the king's gracious invitation for Tycho to remain in Denmark, interpreting it as divine providence, and urges Tycho to accept.",https://tekstnet.dk/books/brahe-t_letters/brahe-t_15760215001/,letters/brahe-t_15760215001.html
brahe-t_15760514001,1576-05-14,day,os,letter,to,Heinrich Brucaeus,Tycho Brahe,Rostock,Latin,Latin,early,"Dreyer, Tychonis Brahe Dani Opera Omnia (1913–29)",VII,32,34,unmarked-only,1,A,yes,no,yes,"Returns borrowed Greek propositions, mentions forwarding a sundials manuscript, and approves Tycho's resolve to devote himself to celestial observations.",https://tekstnet.dk/books/brahe-t_letters/brahe-t_15760514001/,letters/brahe-t_15760514001.html
brahe-t_15760626001,1576-06-26,day,os,letter,to,Charles de Dançay,Tycho Brahe,Copenhagen,Latin,Latin,early,"Dreyer, Tychonis Brahe Dani Opera Omnia (1913–29)",VII,34,34,unmarked-only,2,A,yes,no,no,Mourns the death of Pratensis and asks Tycho's guidance on a dedication cornerstone that Pratensis had reserved to himself before his death.,https://tekstnet.dk/books/brahe-t_letters/brahe-t_15760626001/,letters/brahe-t_15760626001.html
brahe-t_15760714001,1576-07-14,day,os,letter,to,Charles de Dançay,Tycho Brahe,Holbæk,Latin,Latin,early,"Dreyer, Tychonis Brahe Dani Opera Omnia (1913–29)",VII,35,35,unmarked-only,2,A,yes,no,no,Confirms a dedication stone is ready with the requested inscription and urges Tycho to summon him and invite guests for the ceremony.,https://tekstnet.dk/books/brahe-t_letters/brahe-t_15760714001/,letters/brahe-t_15760714001.html
brahe-t_15760802001,1576-08-02,day,os,letter,to,Johannes Major,Tycho Brahe,Augsburg,Latin,Latin,early,"Dreyer, Tychonis Brahe Dani Opera Omnia (1913–29)",VII,34,36,unmarked-only,1,A,yes,no,yes,"Thanks Tycho for the gift of his book on the New Star, congratulates him on safe return to his homeland, and expresses continued regard.",https://tekstnet.dk/books/brahe-t_letters/brahe-t_15760802001/,letters/brahe-t_15760802001.html
brahe-t_15760823001,1576-08-23,day,os,letter,to,Thaddaeus Hagecius,Tycho Brahe,Prague,Latin,Latin,early,"Dreyer, Tychonis Brahe Dani Opera Omnia (1913–29)",VII,36,337,unmarked-only,1,A,yes,no,yes,"Recalls their meeting at Regensburg and expresses grief at their swift parting, explaining the long delay in writing by lawsuits and pressing occupations.",https://tekstnet.dk/books/brahe-t_letters/brahe-t_15760823001/,letters/brahe-t_15760823001.html
brahe-t_15760903001,1576-09-03,day,os,letter,from,Tycho Brahe,Petrus Severinus,Knutstorp,Latin,Latin,early,Dänische Bibliothek (Copenhagen 1738–47),VII,38,40,unmarked-only,1,A,yes,no,no,"Responds to two long-unanswered letters, mourning the death of Pratensis and acknowledging Severinus's account of his personal difficulties.",https://tekstnet.dk/books/brahe-t_letters/brahe-t_15760903001/,letters/brahe-t_15760903001.html
brahe-t_15761117001,1576-11-17,day,os,letter,to,Charles de Dançay,Tycho Brahe,Copenhagen,Latin,Latin,early,"Friis, Tychonis Brahei et ad eum doctorum virorum epistolae ab anno 1568 ad annum 1587 (1876–86)",VII,40,41,unmarked-only,2,A,yes,no,no,Asks Tycho to intercede with the King or court friends on behalf of a Scottish soldier owed outstanding pay from the Danish-Swedish war.,https://tekstnet.dk/books/brahe-t_letters/brahe-t_15761117001/,letters/brahe-t_15761117001.html
brahe-t_15761121001,1576-11-21,day,os,letter,from,Tycho Brahe,Joachim Camerarius,Hven,Latin,Latin,early,"Crenius, Animadversiones philologicae et historicae, pars VII (1700)",VII,42,42,none,0,A,yes,no,yes,"Asks Camerarius to collect the remaining books from Brechtel's dispersed library and add any mathematics or chemical titles found, to be shipped via Georg Labenwolf.",https://tekstnet.dk/books/brahe-t_letters/brahe-t_15761121001/,letters/brahe-t_15761121001.html
brahe-t_15761208001,1576-12-08,day,os,letter,to,Heinrich Brucaeus,Tycho Brahe,Rostock,Latin,Latin,early,"Dreyer, Tychonis Brahe Dani Opera Omnia (1913–29)",VII,43,44,unmarked-only,1,A,yes,no,yes,Replies to Tycho's remarks on wasted clear skies and discusses the obstacles to astronomy from foul weather and academic neglect of the subject.,https://tekstnet.dk/books/brahe-t_letters/brahe-t_15761208001/,letters/brahe-t_15761208001.html
brahe-t_15770503001,1577-05-03,day,os,letter,to,Steen Bille,Tycho Brahe,Herrevad,Latin,Latin,hven,"Dreyer, Tychonis Brahe Dani Opera Omnia (1913–29)",VII,45,45,unmarked-only,2,A,yes,no,no,"Reports that the Ptolemaic armillae have been entrusted to the mill craftsman to be fitted according to Tycho's specification, despite others' objections about water use.",https://tekstnet.dk/books/brahe-t_letters/brahe-t_15770503001/,letters/brahe-t_15770503001.html
brahe-t_15770521001,1577-05-21,day,os,letter,from,Tycho Brahe,The Rector and Professors of the University of Copenhagen,Hven,Latin,Latin,hven,"Dreyer, Tychonis Brahe Dani Opera Omnia (1913–29)",VII,45,46,unmarked-only,1,A,yes,no,no,"Thanks the university for his election as rector and declines the office, citing personal unfitness and pressing obligations that prevent him from discharging its duties.",https://tekstnet.dk/books/brahe-t_letters/brahe-t_15770521001/,letters/brahe-t_15770521001.html
brahe-t_15770920001,1577-09-20,day,os,letter,to,Johannes Major,Tycho Brahe,Augsburg,Latin,Latin,hven,"Dreyer, Tychonis Brahe Dani Opera Omnia (1913–29)",VII,46,47,unmarked-only,1,A,yes,no,yes,"Reports a prior letter of thanks for Tycho's treatise on the 1572 star, and describes discussions with Schissler and Gemperlin regarding the construction of a globe.",https://tekstnet.dk/books/brahe-t_letters/brahe-t_15770920001/,letters/brahe-t_15770920001.html
brahe-t_15771114001,1577-11-14,day,os,letter,from,Tycho Brahe,Petrus Severinus,Copenhagen,Latin,Latin,hven,Nye Samlinger til den danske Historie,VII,47,47,none,0,A,yes,no,no,Urges Severinus to observe the current comet and to intercede with the King to prevent Tycho being called away before he completes his instrumental observations.,https://tekstnet.dk/books/brahe-t_letters/brahe-t_15771114001/,letters/brahe-t_15771114001.html
brahe-t_15780509001,1578-05-09,day,os,letter,to,Hieronymus Wolf,Tycho Brahe,Augsburg,Latin,Latin,hven,"Dreyer, Tychonis Brahe Dani Opera Omnia (1913–29)",VII,47,48,unmarked-only,1,A,yes,no,yes,"Notes Tycho's failure to write after Gemperlinus's return from Denmark, and reflects on the astrological prediction of danger to life Tycho had made for him.",https://tekstnet.dk/books/brahe-t_letters/brahe-t_15780509001/,letters/brahe-t_15780509001.html
brahe-t_15781204001,1578-12-04,day,os,letter,to,Heinrich Brucaeus,Tycho Brahe,Rostock,Latin,Latin,hven,"Dreyer, Tychonis Brahe Dani Opera Omnia (1913–29)",VII,48,49,unmarked-only,1,A,yes,no,yes,"Reports finding Maestlin's book on the 1577 comet in the Frankfurt catalogue and offers to forward it, discussing whether Tycho's own demonstration should supersede refutation of others.",https://tekstnet.dk/books/brahe-t_letters/brahe-t_15781204001/,letters/brahe-t_15781204001.html
brahe-t_15790000001,1579-00-00,year,os,letter,from,Tycho Brahe,Hieronymus Wolf,Hven,Latin,Latin,hven,"Dreyer, Tychonis Brahe Dani Opera Omnia (1913–29)",VII,52,53,unmarked-only,1,A,yes,no,yes,"Reports receiving German comet writings via Paul Hainzel, praises Maestlin's observations and demonstration above the rest, and discusses solar apogee, eccentricity, and the eighth sphere.",https://tekstnet.dk/books/brahe-t_letters/brahe-t_15790000001/,letters/brahe-t_15790000001.html
brahe-t_15790325001,1579-03-25,day,os,letter,to,Paul Hainzel,Tycho Brahe,Augsburg,Latin,Latin,hven,"Dreyer, Tychonis Brahe Dani Opera Omnia (1913–29)",VII,49,50,unmarked-only,1,A,yes,no,yes,"Excuses his infrequent letters due to difficulty in Latin, reports his household in good health, and notes the birth of a son in September 1577.",https://tekstnet.dk/books/brahe-t_letters/brahe-t_15790325001/,letters/brahe-t_15790325001.html
brahe-t_15790325002,1579-03-25,day,os,letter,to,Hieronymus Wolf,Tycho Brahe,Augsburg,Latin,Latin / Greek,hven,"Dreyer, Tychonis Brahe Dani Opera Omnia (1913–29)",VII,50,52,copies-only,1,A,yes,no,yes,"Writes briefly due to the courier's haste, reports inability to procure German comet writings, and comments on Danish language and the history of the Cimbri and Teutons.",https://tekstnet.dk/books/brahe-t_letters/brahe-t_15790325002/,letters/brahe-t_15790325002.html
brahe-t_15790521001,1579-05-21,day,os,letter,from,Tycho Brahe,Anders Sørensen Vedel,Hven,Latin,Latin,hven,"Dreyer, Tychonis Brahe Dani Opera Omnia (1913–29)",VII,54,54,copies-only,2,A,yes,no,yes,"Discusses arrangements regarding a horse offered by Master Franciscus and addresses an unnamed adversary's refusal of reconciliation, deferring judgment to the arriving Legate.",https://tekstnet.dk/books/brahe-t_letters/brahe-t_15790521001/,letters/brahe-t_15790521001.html
brahe-t_15790705001,1579-07-05,day,os,letter,from,Tycho Brahe,Anders Sørensen Vedel,Hven,Latin,Latin,hven,"Dreyer, Tychonis Brahe Dani Opera Omnia (1913–29)",VII,55,55,copies-only,1,A,yes,no,yes,"Invites Vedel and the Lord Legate to visit Hven, urging that Laurentius, Doctor Franciscus, Master Ezoccus, and the Royal Treasurer also accompany them.",https://tekstnet.dk/books/brahe-t_letters/brahe-t_15790705001/,letters/brahe-t_15790705001.html
brahe-t_15790705002,1579-07-05,day,os,letter,from,Tycho Brahe,Charles de Dançay,Hven,Latin,Latin,hven,"Dreyer, Tychonis Brahe Dani Opera Omnia (1913–29)",VII,55,56,copies-only,1,A,yes,no,no,"Reminds Dançay of his promise to visit Hven, explains delays caused by travel between Zealand and Scania, and renews the invitation to come with friends.",https://tekstnet.dk/books/brahe-t_letters/brahe-t_15790705002/,letters/brahe-t_15790705002.html
brahe-t_15790815001,1579-08-15,day,os,letter,from,Tycho Brahe,Anders Sørensen Vedel,Hven,Latin,Latin,hven,"Dreyer, Tychonis Brahe Dani Opera Omnia (1913–29)",VII,56,57,copies-only,1,A,yes,no,yes,"Reports writing to Machabæus about horses and encloses letters of introduction to Camerarius, Hainzel, and Wolf in Nuremberg and Augsburg for Vedel's forthcoming journey.",https://tekstnet.dk/books/brahe-t_letters/brahe-t_15790815001/,letters/brahe-t_15790815001.html
brahe-t_15800208001,1580-02-08,day,os,letter,to,Hieronymus Wolf,Tycho Brahe,Augsburg,Latin,Latin,hven,"Dreyer, Tychonis Brahe Dani Opera Omnia (1913–29)",VII,57,57,copies-only,1,A,yes,no,yes,"Reports his health, criticises German astrologers for errors in predicting the recent eclipse, and urges Tycho's accurate observations to settle the disputed true motion of the Sun.",https://tekstnet.dk/books/brahe-t_letters/brahe-t_15800208001/,letters/brahe-t_15800208001.html
brahe-t_15800314001,1580-03-14,day,os,letter,to,Hieronymus Wolf,Tycho Brahe,Augsburg,Latin,Latin,hven,"Dreyer, Tychonis Brahe Dani Opera Omnia (1913–29)",VII,57,58,copies-only,1,A,yes,no,yes,"Accompanies two Danish students with a letter of introduction and notes that local astrologers erred in observing a recent eclipse, expecting more exact results from Tycho.",https://tekstnet.dk/books/brahe-t_letters/brahe-t_15800314001/,letters/brahe-t_15800314001.html
brahe-t_15801104001,1580-11-04,day,os,letter,from,Tycho Brahe,Thaddaeus Hagecius,Hven,Latin,Latin,hven,"Dreyer, Tychonis Brahe Dani Opera Omnia (1913–29)",VII,58,60,mixed,2,A,yes,no,yes,"Apologises for the long silence, citing lack of letter-carriers, and introduces Paul Wittich, who has just delivered Hagecius's latest letter.",https://tekstnet.dk/books/brahe-t_letters/brahe-t_15801104001/,letters/brahe-t_15801104001.html
brahe-t_15811012001,1581-10-12,day,os,letter,from,Tycho Brahe,Bartholomaeus Scultetus,Hven,Latin,Latin,hven,Singularia historico-literaria Lusatica (Leipzig 1736–),VII,61,63,none,0,A,yes,no,no,"Thanks Scultetus for books received and critiques his treatise on the 1577 comet, disputing the parallax measurements as partly impossible and partly insufficiently observed.",https://tekstnet.dk/books/brahe-t_letters/brahe-t_15811012001/,letters/brahe-t_15811012001.html
brahe-t_15811012002,1581-10-12,day,os,letter,from,Tycho Brahe,Thaddaeus Hagecius,Hven,Latin,Latin,hven,"Dreyer, Tychonis Brahe Dani Opera Omnia (1913–29)",VII,64,69,copies-only,2,A,yes,no,yes,"Suspects earlier letters went astray, notes receipt of Hagecius's comet booklet brought by Bartholomaeus Scultetus, and prepares to offer the requested opinion on it.",https://tekstnet.dk/books/brahe-t_letters/brahe-t_15811012002/,letters/brahe-t_15811012002.html
brahe-t_15820501001,1582-05-01,day,os,letter,to,Thaddaeus Hagecius,Tycho Brahe,Prague,Latin,Latin,hven,"Dreyer, Tychonis Brahe Dani Opera Omnia (1913–29)",VII,69,72,copies-only,1,A,yes,no,yes,"Reports receiving Tycho's letter, regrets his own was not delivered, and defends Wittich, who conveyed Tycho's letter faithfully and invited Hagecius to join him on Hven.",https://tekstnet.dk/books/brahe-t_letters/brahe-t_15820501001/,letters/brahe-t_15820501001.html
brahe-t_15820923001,1582-09-23,day,os,letter,from,Tycho Brahe,Thaddaeus Hagecius,Hven,Latin,Latin,hven,"Friis, Tychonis Brahei et ad eum doctorum virorum epistolae ab anno 1568 ad annum 1587 (1876–86)",VII,72,75,copies-only,1,A,yes,no,yes,"Acknowledges receipt of Hagecius's letter via a Görlitz merchant, clears Wittich of suspicion, and sends a brief reply despite pressure of affairs and a royal summons.",https://tekstnet.dk/books/brahe-t_letters/brahe-t_15820923001/,letters/brahe-t_15820923001.html
brahe-t_15830821001,1583-08-21,day,os,letter,from,Tycho Brahe,Charles de Dançay,Hven,Latin,Latin,hven,"Dreyer, Tychonis Brahe Dani Opera Omnia (1913–29)",VII,75,76,copies-only,1,A,yes,no,no,"Acknowledges Dançay's letter, urges him to endure court intrigues with composure, and conveys greetings from Erik Lange.",https://tekstnet.dk/books/brahe-t_letters/brahe-t_15830821001/,letters/brahe-t_15830821001.html
brahe-t_15840000001,1584-00-00,year,unmarked,letter,from,Tycho Brahe,Heinrich Brucaeus,,Latin,Latin,hven,"Friis, Tychonis Brahei et ad eum doctorum virorum epistolae ab anno 1568 ad annum 1587 (1876–86)",VII,78,82,copies-only,1,A,yes,no,yes,"Disapproves of Brucaeus's neglect of mathematical studies, praises his plan to expound Proclus's Hypotheses, and requests a copy, while noting those Hypotheses rest on imperfect Ptolemaic foundations.",https://tekstnet.dk/books/brahe-t_letters/brahe-t_15840000001/,letters/brahe-t_15840000001.html
brahe-t_15840216001,1584-02-16,day,os,letter,from,Tycho Brahe,Anders Sørensen Vedel,Hven,Latin,Latin,hven,"Dreyer, Tychonis Brahe Dani Opera Omnia (1913–29)",VII,77,77,copies-only,1,A,yes,no,yes,"Declines the Holstein typographer Vedel proposed, reports engaging another printer and ordering type at the Frankfurt Fair to establish a press at Uraniborg.",https://tekstnet.dk/books/brahe-t_letters/brahe-t_15840216001/,letters/brahe-t_15840216001.html
brahe-t_15840608001,1584-06-08,day,os,letter,to,Johannes Major,Tycho Brahe,Augsburg,Latin,Latin,hven,"Dreyer, Tychonis Brahe Dani Opera Omnia (1913–29)",VII,83,85,copies-only,1,A,yes,no,yes,"Reports procuring books as requested, including Scaliger's work on the Gregorian calendar, and expresses relief at learning Tycho is still alive after rumours of his death.",https://tekstnet.dk/books/brahe-t_letters/brahe-t_15840608001/,letters/brahe-t_15840608001.html
brahe-t_15840612001,1584-06-12,day,os,letter,to,Heinrich Brucaeus,Tycho Brahe,Rostock,Latin,Latin,hven,"Dreyer, Tychonis Brahe Dani Opera Omnia (1913–29)",VII,85,86,copies-only,1,A,yes,no,yes,"Reports forwarding money to Tycho's printer via a carter and discusses solar and lunar motion, noting that Peurbach's calculations outperform Copernicus's in eclipse timings.",https://tekstnet.dk/books/brahe-t_letters/brahe-t_15840612001/,letters/brahe-t_15840612001.html
brahe-t_15840715001,1584-07-15,day,os,letter,from,Tycho Brahe,Johannes Major,Knutstorp,Latin,Latin,hven,"Friis, Tychonis Brahei et ad eum doctorum virorum epistolae ab anno 1568 ad annum 1587 (1876–86)",VII,86,87,copies-only,1,A,yes,no,yes,"Acknowledges books received, declines the Wellerian ones, and argues that Lutheran theologians had no grounds to incite popular unrest over the Gregorian calendar reform.",https://tekstnet.dk/books/brahe-t_letters/brahe-t_15840715001/,letters/brahe-t_15840715001.html
brahe-t_15841210001,1584-12-10,day,os,letter,to,Heinrich Brucaeus,Tycho Brahe,Rostock,Latin,Latin,hven,"Friis, Tychonis Brahei et ad eum doctorum virorum epistolae ab anno 1568 ad annum 1587 (1876–86)",VII,88,89,copies-only,1,A,yes,no,yes,"Reports the Frankfurt bookseller brought none of the requested books, provides information on printing types available from Myliander, and notes Clavius's Gnomonice was sold to Rantzau.",https://tekstnet.dk/books/brahe-t_letters/brahe-t_15841210001/,letters/brahe-t_15841210001.html
brahe-t_15841211001,1584-12-11,day,os,letter,to,"Frederik II, King of Denmark",Tycho Brahe,Sorø,Danish,"Danish, with Latin rubric",hven,"Dreyer, Tychonis Brahe Dani Opera Omnia (1913–29)",XIV,28,28,unmarked-only,1,A,yes,no,no,"Requests the return of a compass given to Tycho for repair, or if unavailable, asks that two new compasses of the same quality be made.",https://tekstnet.dk/books/brahe-t_letters/brahe-t_15841211001/,letters/brahe-t_15841211001.html
brahe-t_15850000001,1585-00-00,year,unmarked,letter,to,Heinrich Brucaeus,Tycho Brahe,Rostock,Latin,Latin,hven,"Dreyer, Tychonis Brahe Dani Opera Omnia (1913–29)",VII,91,91,copies-only,1,A,yes,no,yes,"Sends paper and printing type obtained from Wittenberg, giving prices and delivery details, and notes the carter will bring remaining type once cast.",https://tekstnet.dk/books/brahe-t_letters/brahe-t_15850000001/,letters/brahe-t_15850000001.html
brahe-t_15850108001,1585-01-08,day,os,letter,from,Tycho Brahe,Henrik Rantzau,Hven,Latin,Latin,hven,"Dreyer, Tychonis Brahe Dani Opera Omnia (1913–29)",VII,89,90,unmarked-only,1,A,yes,no,yes,"Reports the recent visit of Gerhard Rantzau to Uraniborg, praises his talents and character, and describes showing him the astronomical instruments and the new printing house.",https://tekstnet.dk/books/brahe-t_letters/brahe-t_15850108001/,letters/brahe-t_15850108001.html
brahe-t_15850404001,1585-04-04,day,os,letter,to,Heinrich Brucaeus,Tycho Brahe,,Latin,Latin,hven,"Friis, Tychonis Brahei et ad eum doctorum virorum epistolae ab anno 1568 ad annum 1587 (1876–86)",VII,91,92,copies-only,1,A,yes,no,yes,"Reports sending the type and books, and remonstrates against Tycho permitting a commonplace almanac with weather predictions to be published at his press.",https://tekstnet.dk/books/brahe-t_letters/brahe-t_15850404001/,letters/brahe-t_15850404001.html
brahe-t_15850518001,1585-05-18,day,os,letter,to,Christoph Rothmann,Tycho Brahe,Kassel,Latin,Latin,hven,"Brahe, Epistolarum astronomicarum liber primus (Uraniborg 1596)",VI,53,58,none,0,B,no,yes,yes,"Reports that Landgrave Wilhelm IV received Tycho's letter and comet treatise with great pleasure, that the Prince will write separately, and begins his own response on astronomical matters.",https://tekstnet.dk/books/brahe-t_letters/brahe-t_15850518001/,letters/brahe-t_15850518001.html
brahe-t_15850526001,1585-05-26,day,os,letter,to,"Frederik II, King of Denmark",Tycho Brahe,Helsingør,Danish,"Danish, with Latin-rubric heading",hven,"Dreyer, Tychonis Brahe Dani Opera Omnia (1913–29)",XIV,28,29,unmarked-only,1,A,yes,no,no,"Rebukes Tycho for neglecting the Kullen beacon, citing sailors' complaints and noting that royal letters of command to the toll-officers have not been carried into effect.",https://tekstnet.dk/books/brahe-t_letters/brahe-t_15850526001/,letters/brahe-t_15850526001.html
brahe-t_15850623001,1585-06-23,day,os,letter,to,Heinrich Brucaeus,Tycho Brahe,Rostock,Latin,Latin,hven,"Dreyer, Tychonis Brahe Dani Opera Omnia (1913–29)",VII,92,92,copies-only,1,A,yes,no,yes,"Acknowledges receipt of payment, questions whether Tycho still intends to publish a calendar, and expresses skepticism that astrological prediction can be made reliable.",https://tekstnet.dk/books/brahe-t_letters/brahe-t_15850623001/,letters/brahe-t_15850623001.html
brahe-t_15850825001,1585-08-25,day,os,letter,from,Tycho Brahe,Thaddaeus Hagecius,Hven,Latin,Latin,hven,"Friis, Tychonis Brahei et ad eum doctorum virorum epistolae ab anno 1568 ad annum 1587 (1876–86)",VII,93,97,copies-only,1,A,yes,no,yes,"Thanks Hagecius for the kindness shown to his brother Steno Brahe during the latter's embassy to the Emperor, and pledges to repay the favour.",https://tekstnet.dk/books/brahe-t_letters/brahe-t_15850825001/,letters/brahe-t_15850825001.html
brahe-t_15851020001,1585-10-20,day,os,letter,third,"Wilhelm IV, Landgrave of Hesse-Kassel",Henrik Rantzau,Rotenburg an der Fulda,German,"German, with Latin rubric",hven,"Brahe, Epistolarum astronomicarum liber primus (Uraniborg 1596)",VI,30,32,none,0,B,no,yes,yes,"Reports improvements to the Kassel instruments following Paul Wittich's instruction, now achieving quarter-minute precision, and describes a new horizontal quadrant and sextant.",https://tekstnet.dk/books/brahe-t_letters/brahe-t_15851020001/,letters/brahe-t_15851020001.html
brahe-t_15851111001,1585-11-11,day,os,letter,from,Tycho Brahe,Anders Sørensen Vedel,Hven,Latin,Latin,hven,"Dreyer, Tychonis Brahe Dani Opera Omnia (1913–29)",VII,97,98,copies-only,1,A,yes,no,yes,"Reports the dismissal of a servant who committed theft and fornication with a maidservant, and asks Vedel's assistance in the resulting domestic matter.",https://tekstnet.dk/books/brahe-t_letters/brahe-t_15851111001/,letters/brahe-t_15851111001.html
brahe-t_15851213001,1585-12-13,day,os,letter,to,Thaddaeus Hagecius,Tycho Brahe,Prague,Latin,Latin,hven,"Friis, Tychonis Brahei et ad eum doctorum virorum epistolae ab anno 1568 ad annum 1587 (1876–86)",VII,98,99,copies-only,1,A,yes,no,yes,Sends greetings via a chance messenger — a servant of the Navarrese ambassador passing through Prague — and notes the difficulty of correspondence across such distance.,https://tekstnet.dk/books/brahe-t_letters/brahe-t_15851213001/,letters/brahe-t_15851213001.html
brahe-t_15860000001,1586-00-00,year,unmarked,letter,from,Tycho Brahe,"Rudolf II, Holy Roman Emperor",Hven,Latin,Latin,hven,"Dreyer, Tychonis Brahe Dani Opera Omnia (1913–29)",XIV,31,32,unmarked-only,1,A,yes,no,no,"Describes Uraniborg and its facilities, reports progress on astronomical and chemical works, and petitions the Emperor for an imperial printing privilege to protect publication.",https://tekstnet.dk/books/brahe-t_letters/brahe-t_15860000001/,letters/brahe-t_15860000001.html
brahe-t_15860130001,1586-01-30,day,os,letter,from,Tycho Brahe,Birgitte Bølle,Hven,Danish,Danish,hven,"Dreyer, Tychonis Brahe Dani Opera Omnia (1913–29)",XIV,30,31,original,1,A,yes,no,no,"Replies to his aunt's enquiry about a builder named Master Hans, who is expected within days, promising to relay her requirements when he arrives.",https://tekstnet.dk/books/brahe-t_letters/brahe-t_15860130001/,letters/brahe-t_15860130001.html
brahe-t_15860301001,1586-03-01,day,os,letter,from,Tycho Brahe,"Wilhelm IV, Landgrave of Hesse-Kassel",Hven,Latin,Latin,hven,"Brahe, Epistolarum astronomicarum liber primus (Uraniborg 1596)",VI,35,40,none,0,B,no,yes,yes,"Responds to a copy of Wilhelm's letter to Heinrich Rantzau, expressing delight that the Landgrave continues to pursue astronomical studies at a mature age.",https://tekstnet.dk/books/brahe-t_letters/brahe-t_15860301001/,letters/brahe-t_15860301001.html
brahe-t_15860315001,1586-03-15,day,os,letter,to,Heinrich Brucaeus,Tycho Brahe,Rostock,Latin,Latin,hven,"Friis, Tychonis Brahei et ad eum doctorum virorum epistolae ab anno 1568 ad annum 1587 (1876–86)",VII,100,101,unmarked-only,1,A,yes,no,yes,"Reports hearing a (false) rumour of Tycho's death, announces the purchase of Clavius's Gnomonice and Magini's Tables with Ephemerides on his behalf, and asks confirmation.",https://tekstnet.dk/books/brahe-t_letters/brahe-t_15860315001/,letters/brahe-t_15860315001.html
brahe-t_15860323001,1586-03-23,day,os,letter,from,Tycho Brahe,Henrik Rantzau,Hven,Latin,Latin,hven,"Dreyer, Tychonis Brahe Dani Opera Omnia (1913–29)",VII,100,102,unmarked-only,1,A,yes,no,yes,"Excuses a delayed reply by winter ice blocking the island, and reports having already sent Wilhelm IV a compendious description of the comet observations.",https://tekstnet.dk/books/brahe-t_letters/brahe-t_15860323001/,letters/brahe-t_15860323001.html
brahe-t_15860328001,1586-03-28,day,os,act,to,"Rudolf II, Holy Roman Emperor",Tycho Brahe,Prague,Latin,Latin,hven,"Dreyer, Tychonis Brahe Dani Opera Omnia (1913–29)",XIV,32,34,unmarked-only,1,A,yes,no,no,"Grants Tycho Brahe a ten-year imperial printing privilege, prohibiting all printers and booksellers from reproducing his mathematical works without authorisation.",https://tekstnet.dk/books/brahe-t_letters/brahe-t_15860328001/,letters/brahe-t_15860328001.html
brahe-t_15860414001,1586-04-14,day,os,letter,to,"Wilhelm IV, Landgrave of Hesse-Kassel",Tycho Brahe,Kassel,German,"German, with Latin code-switching",hven,"Brahe, Epistolarum astronomicarum liber primus (Uraniborg 1596)",VI,47,50,none,0,B,no,yes,yes,Thanks Tycho for the comet observations and reports that the Kassel mathematician's observations agree closely with Tycho's after equation of times and longitudes.,https://tekstnet.dk/books/brahe-t_letters/brahe-t_15860414001/,letters/brahe-t_15860414001.html
brahe-t_15860509001,1586-05-09,day,os,letter,to,Thaddaeus Hagecius,Tycho Brahe,Prague,Latin,Latin,hven,"Dreyer, Tychonis Brahe Dani Opera Omnia (1913–29)",VII,102,104,unmarked-only,1,A,yes,no,yes,"Explains the mutual delay: Tycho's August letter arrived only in March, and Hagecius's lucubrations were returned from Frankfurt after the Navarrese ambassador changed his route.",https://tekstnet.dk/books/brahe-t_letters/brahe-t_15860509001/,letters/brahe-t_15860509001.html
brahe-t_15860701001,1586-07-01,day,os,letter,from,Tycho Brahe,Thaddaeus Hagecius,Hven,Latin,Latin,hven,"Friis, Tychonis Brahei et ad eum doctorum virorum epistolae ab anno 1568 ad annum 1587 (1876–86)",VII,105,109,unmarked-only,1,A,yes,no,yes,"Acknowledges simultaneous receipt of two letters, Hagecius's revised Dialexis, and the Imperial printing privilege, and discusses the contents of these items.",https://tekstnet.dk/books/brahe-t_letters/brahe-t_15860701001/,letters/brahe-t_15860701001.html
brahe-t_15860818001,1586-08-18,day,os,letter,from,Tycho Brahe,Peter Young,Hven,Latin,Latin,hven,"Dreyer, Tychonis Brahe Dani Opera Omnia (1913–29)",VII,110,110,unmarked-only,1,A,yes,no,no,"Reminds Young of his promise to visit Uraniborg and invites him to come the following day, noting that Erik Lange and Falk Gøye also await his arrival.",https://tekstnet.dk/books/brahe-t_letters/brahe-t_15860818001/,letters/brahe-t_15860818001.html
brahe-t_15860826001,1586-08-26,day,os,letter,to,"Wilhelm IV, Landgrave of Hesse-Kassel",Tycho Brahe,Kassel,German,"German, with Latin code-switch",hven,"Brahe, Epistolarum astronomicarum liber primus (Uraniborg 1596)",VI,58,59,none,0,B,no,yes,yes,"Follows up on his unanswered April letter, notes that comet and nova-near-Cassiopeia observations agree closely, and requests Tycho's judgment on the Kassel observations.",https://tekstnet.dk/books/brahe-t_letters/brahe-t_15860826001/,letters/brahe-t_15860826001.html
brahe-t_15860907001,1586-09-07,day,ns,letter,to,Thaddaeus Hagecius,Tycho Brahe,Prague,Latin,Latin,hven,"Dreyer, Tychonis Brahe Dani Opera Omnia (1913–29)",VII,194,194,unmarked-only,1,A,yes,no,yes,"Asks Tycho to confirm receipt of earlier letters and Werner's book, and notes that Jacobus Curtius, Vice-Chancellor of the Empire, eagerly awaits Tycho's first publication.",https://tekstnet.dk/books/brahe-t_letters/brahe-t_15860907001/,letters/brahe-t_15860907001.html
brahe-t_15860907002,1586-09-07,day,os,letter,to,Christoph Rothmann,Tycho Brahe,Kassel,Latin,Latin,hven,"Brahe, Epistolarum astronomicarum liber primus (Uraniborg 1596)",VI,60,61,none,0,B,no,yes,yes,Asks why Tycho has not replied to letters sent via the Frankfurt fair and conveys the Landgrave's repeated inquiries about the delayed answer.,https://tekstnet.dk/books/brahe-t_letters/brahe-t_15860907002/,letters/brahe-t_15860907002.html
brahe-t_15861014001,1586-10-14,day,os,letter,to,"Wilhelm IV, Landgrave of Hesse-Kassel",Tycho Brahe,Kassel,German,German,hven,"Brahe, Epistolarum astronomicarum liber primus (Uraniborg 1596)",VI,58,71,none,0,B,no,yes,yes,"Reminds Tycho of two unanswered letters, renewing the request to send his observations of the fixed stars for comparison with Kassel's own.",https://tekstnet.dk/books/brahe-t_letters/brahe-t_15861014001/,letters/brahe-t_15861014001.html
brahe-t_15870101001,1587-01-01,day,os,letter,from,Tycho Brahe,"Wilhelm IV, Landgrave of Hesse-Kassel",Hven,Latin,Latin,hven,"Brahe, Epistolarum astronomicarum liber primus (Uraniborg 1596)",VI,61,66,unmarked-only,1,B,no,yes,yes,"Apologizes for the long delay in replying, attributing it to distance and infrequent mail opportunities, and begins addressing the Landgrave's astronomical inquiries.",https://tekstnet.dk/books/brahe-t_letters/brahe-t_15870101001/,letters/brahe-t_15870101001.html
brahe-t_15870117001,1587-01-17,day,os,letter,to,Henrik Rantzau,Tycho Brahe,Segeberg,Latin,Latin,hven,"Brahe, Epistolarum astronomicarum liber primus (Uraniborg 1596)",VI,28,30,none,0,B,no,yes,yes,Praises the correspondence between Tycho and the Landgrave as beneficial to astronomy and congratulates the age for producing princes devoted to the study of the science.,https://tekstnet.dk/books/brahe-t_letters/brahe-t_15870117001/,letters/brahe-t_15870117001.html
brahe-t_15870120001,1587-01-20,day,os,letter,from,Tycho Brahe,Christoph Rothmann,Hven,Latin,Latin,hven,"Brahe, Epistolarum astronomicarum liber primus (Uraniborg 1596)",VI,99,104,none,0,B,no,yes,yes,"Acknowledges Rothmann's April letter with its recondite astronomical discussions, explains the delay in replying, and reports having communicated celestial observations to the Landgrave.",https://tekstnet.dk/books/brahe-t_letters/brahe-t_15870120001/,letters/brahe-t_15870120001.html
brahe-t_15870125001,1587-01-25,day,os,letter,from,Tycho Brahe,Thaddaeus Hagecius,Hven,Latin,Latin,hven,"Friis, Tychonis Brahei et ad eum doctorum virorum epistolae ab anno 1568 ad annum 1587 (1876–86)",VII,110,114,copies-only,1,A,yes,no,yes,Returns Hagecius's manuscript on the new star and comets via the Frankfurt fair and advises him to revise his treatment of the 1577 comet before publishing.,https://tekstnet.dk/books/brahe-t_letters/brahe-t_15870125001/,letters/brahe-t_15870125001.html
brahe-t_15870522001,1587-05-22,day,os,letter,to,Heinrich Brucaeus,Tycho Brahe,Rostock,Latin,Latin,hven,"Friis, Tychonis Brahei et ad eum doctorum virorum epistolae ab anno 1568 ad annum 1587 (1876–86)",VII,114,114,copies-only,1,A,yes,no,yes,"Introduces a young scholar visiting Tycho, urges completion of the star catalogue's longitudes and latitudes, and endorses Tycho's dissent from prior authorities if experience warrants it.",https://tekstnet.dk/books/brahe-t_letters/brahe-t_15870522001/,letters/brahe-t_15870522001.html
brahe-t_15870718001,1587-07-18,day,os,letter,from,Tycho Brahe,Niels Bild,Hven,Danish,"Danish, with Latin rubric",hven,"Dreyer, Tychonis Brahe Dani Opera Omnia (1913–29)",XIV,35,37,copies-only,1,A,yes,no,no,"Intercedes for his former bailiff Christoffer Pepler, seeking recovery of debts withheld by Nordfjord peasants and reimbursement for buildings erected on a waste plot.",https://tekstnet.dk/books/brahe-t_letters/brahe-t_15870718001/,letters/brahe-t_15870718001.html
brahe-t_15870812001,1587-08-12,day,os,letter,from,Tycho Brahe,Christoph Rothmann,Hven,Latin,Latin,hven,"Brahe, Epistolarum astronomicarum liber primus (Uraniborg 1596)",VI,104,105,none,0,B,no,yes,yes,"Reports that a messenger returned from Frankfurt with no letters, explaining that the Landgrave had been occupied with a wedding and has promised a reply by courier shortly.",https://tekstnet.dk/books/brahe-t_letters/brahe-t_15870812001/,letters/brahe-t_15870812001.html
brahe-t_15870911001,1587-09-11,day,os,letter,to,"Wilhelm IV, Landgrave of Hesse-Kassel",Tycho Brahe,Kassel,German,"German, with Latin code-switching",hven,"Brahe, Epistolarum astronomicarum liber primus (Uraniborg 1596)",VI,105,108,none,0,B,no,yes,yes,"Thanks Tycho for his observations and reports close agreement with Kassel's in distances and declinations to fractions of a minute, though a five-minute discrepancy in longitudes remains.",https://tekstnet.dk/books/brahe-t_letters/brahe-t_15870911001/,letters/brahe-t_15870911001.html
brahe-t_15870924001,1587-09-24,day,os,letter,to,"Frederik II, King of Denmark",Tycho Brahe,Copenhagen,Danish,Danish,hven,"Dreyer, Tychonis Brahe Dani Opera Omnia (1913–29)",XIV,37,37,draft-only,1,A,yes,no,no,"Requests the almanacs for 1588 that Tycho had promised, asking him to send them by the current messenger if ready or complete them as soon as possible.",https://tekstnet.dk/books/brahe-t_letters/brahe-t_15870924001/,letters/brahe-t_15870924001.html
brahe-t_15871011001,1587-10-11,day,os,letter,to,Christoph Rothmann,Tycho Brahe,Kassel,Latin,Latin,hven,"Brahe, Epistolarum astronomicarum liber primus (Uraniborg 1596)",VI,116,121,none,0,B,no,yes,yes,"Apologizes for the delayed reply, acknowledges Tycho's parallax argument for the comet, but reports his own observations cannot detect parallax, engaging Copernican hypotheses on the point.",https://tekstnet.dk/books/brahe-t_letters/brahe-t_15871011001/,letters/brahe-t_15871011001.html
brahe-t_15871019001,1587-10-19,day,os,letter,from,Tycho Brahe,Henrik Rantzau,Hven,Latin,Latin,hven,"Dreyer, Tychonis Brahe Dani Opera Omnia (1913–29)",VII,383,385,copies-only,1,A,yes,no,yes,"Apologizes for summer silence, explaining he awaited the Landgrave's reply before forwarding copies of their astronomical correspondence, which he now encloses.",https://tekstnet.dk/books/brahe-t_letters/brahe-t_15871019001/,letters/brahe-t_15871019001.html
brahe-t_15871028001,1587-10-28,day,os,letter,to,Heinrich Brucaeus,Tycho Brahe,Rostock,Latin,Latin,hven,"Dreyer, Tychonis Brahe Dani Opera Omnia (1913–29)",VII,114,115,copies-only,1,A,yes,no,yes,Thanks Tycho for copies of the Hven–Kassel correspondence and engages the evidence for stellar latitude changes linked to variation in the obliquity of the ecliptic.,https://tekstnet.dk/books/brahe-t_letters/brahe-t_15871028001/,letters/brahe-t_15871028001.html
brahe-t_15871114001,1587-11-14,day,os,letter,to,Christoph Rothmann,Tycho Brahe,Kassel,Latin,Latin,hven,"Brahe, Epistolarum astronomicarum liber primus (Uraniborg 1596)",VI,119,121,none,0,B,no,yes,yes,Corrects a misquotation in his previous letter: the writers on optics place the dense atmosphere's upper limit not at one terrestrial semidiameter but at a much smaller fraction.,https://tekstnet.dk/books/brahe-t_letters/brahe-t_15871114001/,letters/brahe-t_15871114001.html
brahe-t_15871207001,1587-12-07,day,os,letter,from,Tycho Brahe,Henrik Below,Hven,German,"German, with Danish address and Latin code-switches",hven,"Dreyer, Tychonis Brahe Dani Opera Omnia (1913–29)",VII,116,119,unmarked-only,1,A,yes,no,no,"Addresses the question, forwarded from Duke Ulrich of Mecklenburg, of whether Tobias Möller's or Andreas Rosa's assignment of planetary rulers for 1588 is correct.",https://tekstnet.dk/books/brahe-t_letters/brahe-t_15871207001/,letters/brahe-t_15871207001.html
brahe-t_15880503001,1588-05-03,day,os,letter,from,Tycho Brahe,Thaddaeus Hagecius,Hven,Latin,Latin,hven,"Dreyer, Tychonis Brahe Dani Opera Omnia (1913–29)",VII,120,121,unmarked-only,1,A,yes,no,yes,"Confirms Hagecius's manuscript was sent to Frankfurt, advises him to revise his treatment of the 1577 comet, and sends the second volume of his own work on it.",https://tekstnet.dk/books/brahe-t_letters/brahe-t_15880503001/,letters/brahe-t_15880503001.html
brahe-t_15880523001,1588-05-23,day,os,letter,to,Johannes Caselius,Tycho Brahe,Rostock,Latin,Latin,hven,Epistolae ad viros nobiles,VII,121,121,none,0,A,yes,no,no,"Introduces a Brandenburg knight, Haken, who wishes to visit, and mentions composing a panegyric of the Danish king to be sent in June.",https://tekstnet.dk/books/brahe-t_letters/brahe-t_15880523001/,letters/brahe-t_15880523001.html
brahe-t_15880611001,1588-06-11,day,os,letter,from,Tycho Brahe,Christoph Rothmann,Hven,Latin,Latin,hven,"Brahe, Epistolarum astronomicarum liber primus (Uraniborg 1596)",VI,131,133,none,0,B,no,yes,yes,"Excuses a delayed reply on grounds of illness and pressing occupations, and reports ongoing Venus observations intended to settle a five-minute longitude discrepancy between their star positions.",https://tekstnet.dk/books/brahe-t_letters/brahe-t_15880611001/,letters/brahe-t_15880611001.html
brahe-t_15880815001,1588-08-15,day,os,letter,to,"Ulrich III, Duke of Mecklenburg",Tycho Brahe,Grabow,German,"German, with Latin code-switch",hven,"Dreyer, Tychonis Brahe Dani Opera Omnia (1913–29)",XIV,40,41,draft-only,1,A,yes,no,no,"Reports that fifty-five reams of printing paper, delayed by mould-adaptation, have been forwarded via Master Peter the clockmaker as a gift.",https://tekstnet.dk/books/brahe-t_letters/brahe-t_15880815001/,letters/brahe-t_15880815001.html
brahe-t_15880816001,1588-08-16,day,os,letter,from,Tycho Brahe,"Wilhelm IV, Landgrave of Hesse-Kassel",Hven,Latin,Latin,hven,"Brahe, Epistolarum astronomicarum liber primus (Uraniborg 1596)",VI,127,132,none,0,B,no,yes,yes,"Explains a delayed reply by missed courier opportunities and ongoing Venus observations, which he intends to compare with prior morning observations before writing more fully.",https://tekstnet.dk/books/brahe-t_letters/brahe-t_15880816001/,letters/brahe-t_15880816001.html
brahe-t_15880817001,1588-08-17,day,os,letter,from,Tycho Brahe,Thaddaeus Hagecius,Hven,Latin,Latin,hven,"Friis, Tychonis Brahei et ad eum doctorum virorum epistolae ab anno 1588 (1900–09)",VII,122,123,unmarked-only,1,A,yes,no,yes,"Notes the second book of *De mundi aetherei* was sent in May, and urges a frank written opinion of its contents before winter cuts off correspondence.",https://tekstnet.dk/books/brahe-t_letters/brahe-t_15880817001/,letters/brahe-t_15880817001.html
brahe-t_15880817002,1588-08-17,day,os,letter,from,Tycho Brahe,Bartholomaeus Scultetus,Hven,Latin,Latin,hven,Singularia historico-literaria Lusatica (Leipzig 1736–),VII,123,124,none,0,A,yes,no,no,"Asks for written judgment on the recently sent second book on aethereal phenomena, and asserts that his extensive dissent from Scultetus's views reflects philosophical liberty, not personal antagonism.",https://tekstnet.dk/books/brahe-t_letters/brahe-t_15880817002/,letters/brahe-t_15880817002.html
brahe-t_15880817003,1588-08-17,day,os,letter,from,Tycho Brahe,Christoph Rothmann,Hven,Latin,Latin,hven,"Brahe, Epistolarum astronomicarum liber primus (Uraniborg 1596)",VI,144,149,none,0,B,no,yes,yes,"Excuses a late reply and, having already sent the second book of *De mundi aetherei* via Gellius Sascerides, asks for Rothmann's frank opinion of its contents.",https://tekstnet.dk/books/brahe-t_letters/brahe-t_15880817003/,letters/brahe-t_15880817003.html
brahe-t_15880913001,1588-09-13,day,os,letter,from,Tycho Brahe,Henrik Rantzau,Hven,Latin,Latin,hven,"Dreyer, Tychonis Brahe Dani Opera Omnia (1913–29)",VII,124,127,unmarked-only,1,A,yes,no,yes,"Thanks Rantzau for procuring printing paper and for the chapel engraving honouring the late King, and sends the promised horizontal sundial, delayed because Gerhard Rantzau departed without visiting.",https://tekstnet.dk/books/brahe-t_letters/brahe-t_15880913001/,letters/brahe-t_15880913001.html
brahe-t_15880913002,1588-09-13,day,os,letter,from,Tycho Brahe,Caspar Peucer,Hven,Latin,Latin,hven,"Resen, Inscriptiones Hafnienses (Copenhagen 1668)",VII,127,141,copies-only,2,A,yes,no,yes,Opens a correspondence via Rantzau's introduction and undertakes to address Peucer's doubts about the diagram of Tycho's new world-system hypothesis conveyed through Rantzau.,https://tekstnet.dk/books/brahe-t_letters/brahe-t_15880913002/,letters/brahe-t_15880913002.html
brahe-t_15880920001,1588-09-20,day,os,letter,to,Heinrich Brucaeus,Tycho Brahe,Rostock,Latin,Latin,hven,"Friis, Tychonis Brahei et ad eum doctorum virorum epistolae ab anno 1588 (1900–09)",VII,141,144,unmarked-only,1,A,yes,no,yes,"Reports forwarding a letter to Bording and the type-founder's refusal to cross to Denmark, and praises the first part of the comet-of-1577 book.",https://tekstnet.dk/books/brahe-t_letters/brahe-t_15880920001/,letters/brahe-t_15880920001.html
brahe-t_15881013001,1588-10-13,day,os,letter,to,Christoph Rothmann,Tycho Brahe,Kassel,Latin,Latin,hven,"Brahe, Epistolarum astronomicarum liber primus (Uraniborg 1596)",VI,151,156,none,0,B,no,yes,yes,"Acknowledges both recent letters and the second tome of *De mundi aetherei*, then argues persistently that the celestial matter is elemental air and not aether.",https://tekstnet.dk/books/brahe-t_letters/brahe-t_15881013001/,letters/brahe-t_15881013001.html
brahe-t_15881101001,1588-11-01,day,os,letter,to,Thaddaeus Hagecius,Tycho Brahe,Prague,Latin,Latin,hven,"Friis, Tychonis Brahei et ad eum doctorum virorum epistolae ab anno 1588 (1900–09)",VII,145,147,unmarked-only,1,A,yes,no,yes,"Reports two earlier letters apparently lost, confirms receipt of the book in late July with expressions of delight, and regrets that advancing age limits fuller engagement.",https://tekstnet.dk/books/brahe-t_letters/brahe-t_15881101001/,letters/brahe-t_15881101001.html
brahe-t_15881104001,1588-11-04,day,os,letter,from,Tycho Brahe,Heinrich Brucaeus,Hven,Latin,Latin,hven,"Friis, Tychonis Brahei et ad eum doctorum virorum epistolae ab anno 1588 (1900–09)",VII,146,164,copies-only,1,A,yes,no,yes,"Forgives a summer silence and responds to Brucaeus's comments on the second *Aetherial Phenomena* book, welcoming his approval of the earlier sections and of the new hypothesis.",https://tekstnet.dk/books/brahe-t_letters/brahe-t_15881104001/,letters/brahe-t_15881104001.html
brahe-t_15881221001,1588-12-21,day,os,letter,from,Tycho Brahe,Henrik Rantzau,Hven,Latin,Latin,hven,"Dreyer, Tychonis Brahe Dani Opera Omnia (1913–29)",VII,384,389,copies-only,1,A,yes,no,yes,"Confirms receipt of the sundial, letters, and celestial-hypothesis instrument, then gives instructions for setting the sundial's meridian line by compass and solar observations.",https://tekstnet.dk/books/brahe-t_letters/brahe-t_15881221001/,letters/brahe-t_15881221001.html
brahe-t_15890000001,1589-00-00,year,os,letter,from,Tycho Brahe,Heinrich Brucaeus,Hven,Latin,Latin / Greek,hven,"Friis, Tychonis Brahei et ad eum doctorum virorum epistolae ab anno 1588 (1900–09)",VII,168,175,copies-only,1,A,yes,no,yes,"Questions whether Brucaeus, despite his stated practice of pressing hard on disputed points before assenting, truly avoids prejudice in weighing opinions, citing evidence from earlier conversations.",https://tekstnet.dk/books/brahe-t_letters/brahe-t_15890000001/,letters/brahe-t_15890000001.html
brahe-t_15890221001,1589-02-21,day,os,letter,from,Tycho Brahe,"Wilhelm IV, Landgrave of Hesse-Kassel",Hven,Latin,Latin,hven,"Brahe, Epistolarum astronomicarum liber primus (Uraniborg 1596)",VI,161,165,none,0,B,no,yes,yes,"Resumes the astronomical correspondence despite receiving no reply, understanding that preparations for a daughter's marriage occupied Wilhelm, and noting that Rothmann had written on the Landgrave's behalf.",https://tekstnet.dk/books/brahe-t_letters/brahe-t_15890221001/,letters/brahe-t_15890221001.html
brahe-t_15890221002,1589-02-21,day,os,letter,from,Tycho Brahe,Christoph Rothmann,Hven,Latin,Latin,hven,"Brahe, Epistolarum astronomicarum liber primus (Uraniborg 1596)",VI,172,177,none,0,B,no,yes,yes,"Excuses a delayed reply to Rothmann's most recent letter and engages with his persistent argument that the celestial matter is elemental air, finding his evasions unconvincing.",https://tekstnet.dk/books/brahe-t_letters/brahe-t_15890221002/,letters/brahe-t_15890221002.html
brahe-t_15890322001,1589-03-22,day,os,letter,from,Tycho Brahe,Thaddaeus Hagecius,Copenhagen,Latin,"Latin, with German address line",hven,"Dreyer, Tychonis Brahe Dani Opera Omnia (1913–29)",VII,165,166,unmarked-only,1,A,yes,no,yes,Uses Tage Krabbe's departure for Prague as a courier opportunity to press Hagecius once more for a still-awaited reply and further conference.,https://tekstnet.dk/books/brahe-t_letters/brahe-t_15890322001/,letters/brahe-t_15890322001.html
brahe-t_15890323001,1589-03-23,day,os,letter,to,Heinrich Brucaeus,Tycho Brahe,Rostock,Latin,Latin,hven,"Dreyer, Tychonis Brahe Dani Opera Omnia (1913–29)",VII,166,168,copies-only,1,A,yes,no,yes,"Objects that Tycho's reply lacked expected candour and misread his words, and defends his stated practice of pressing hard on disputed points before assenting.",https://tekstnet.dk/books/brahe-t_letters/brahe-t_15890323001/,letters/brahe-t_15890323001.html
brahe-t_15890500001,1589-05-00,month,os,letter,to,John Craig,Tycho Brahe,Edinburgh,Latin,Latin / Greek,hven,"Commercium litterarium clarorum virorum (Uffenbach, Ulm 1735)",VII,174,182,copies-only,1,A,yes,no,no,"Acknowledges receipt of Tycho's letter and book via William Stuart, thanks him for the gift, and expresses eagerness for the friendship Liddel had proposed.",https://tekstnet.dk/books/brahe-t_letters/brahe-t_15890500001/,letters/brahe-t_15890500001.html
brahe-t_15890510001,1589-05-10,day,ns,letter,to,Thaddaeus Hagecius,Tycho Brahe,Prague,Latin,Latin,hven,"Dreyer, Tychonis Brahe Dani Opera Omnia (1913–29)",VII,181,183,unmarked-only,1,A,yes,no,yes,"Reports that a previous letter and Werner's book, sent via Mylius at Görlitz, failed to reach Tycho, and explains the transmission arrangements made.",https://tekstnet.dk/books/brahe-t_letters/brahe-t_15890510001/,letters/brahe-t_15890510001.html
brahe-t_15890510002,1589-05-10,day,os,letter,to,Caspar Peucer,Tycho Brahe,Dessau,Latin,Latin / Greek,hven,"Dreyer, Tychonis Brahe Dani Opera Omnia (1913–29)",VII,184,191,mixed,2,A,yes,no,yes,"Acknowledges Tycho's letter and the Tycho–Landgrave Wilhelm comparative observations, delayed four months in transit, and replies via Duke John of Holstein as a courier.",https://tekstnet.dk/books/brahe-t_letters/brahe-t_15890510002/,letters/brahe-t_15890510002.html
brahe-t_15890520001,1589-05-20,day,ns,letter,to,Thaddaeus Hagecius,Tycho Brahe,Prague,Latin,Latin,hven,"Dreyer, Tychonis Brahe Dani Opera Omnia (1913–29)",VII,184,184,unmarked-only,1,A,yes,no,yes,Reports missing Tycho's courier to the Emperor and failing to obtain the book by Io. Francus from the Frankfurt fair booksellers for dispatch.,https://tekstnet.dk/books/brahe-t_letters/brahe-t_15890520001/,letters/brahe-t_15890520001.html
brahe-t_15890618001,1589-06-18,day,os,letter,to,John Craig,Tycho Brahe,Edinburgh,Latin,Latin,hven,"Commercium litterarium clarorum virorum (Uffenbach, Ulm 1735)",VII,191,193,copies-only,1,A,yes,no,no,"Refers to a previous hurried reply on Tycho's question, then reports the universal joy and prayer in Scotland for King James to find a consort.",https://tekstnet.dk/books/brahe-t_letters/brahe-t_15890618001/,letters/brahe-t_15890618001.html
brahe-t_15890709001,1589-07-09,day,os,letter,to,John Craig,Tycho Brahe,Edinburgh,Latin,Latin,hven,"Commercium litterarium clarorum virorum (Uffenbach, Ulm 1735)",VII,193,193,copies-only,1,A,yes,no,no,"Resumes discussion of Tycho's celestial hypothesis, arguing that Mars at acronychal position nearer than the Sun is an absurdity, and proposes alternative geometric solutions.",https://tekstnet.dk/books/brahe-t_letters/brahe-t_15890709001/,letters/brahe-t_15890709001.html
brahe-t_15890726001,1589-07-26,day,os,letter,third,"Wilhelm IV, Landgrave of Hesse-Kassel",Christoph Rothmann,Homberg (Efze),German,"German, with Latin code-switches",hven,"Brahe, Epistolarum astronomicarum liber primus (Uraniborg 1596)",VI,183,184,none,0,B,no,yes,yes,"Instructs Rothmann to write to Tycho via Nicodemus Frischlin, travelling to Denmark, asking what Tycho has in hand and when his earlier work will appear.",https://tekstnet.dk/books/brahe-t_letters/brahe-t_15890726001/,letters/brahe-t_15890726001.html
brahe-t_15890806001,1589-08-06,day,os,letter,to,Christoph Rothmann,Tycho Brahe,Kassel,Latin,Latin,hven,"Brahe, Epistolarum astronomicarum liber primus (Uraniborg 1596)",VI,200,201,none,0,B,no,yes,yes,"Reports that no reply from Tycho arrived at the Frankfurt fair, explains the Landgrave's pressing concern, and notes Frischlin has arrived with a letter from the Prince.",https://tekstnet.dk/books/brahe-t_letters/brahe-t_15890806001/,letters/brahe-t_15890806001.html
brahe-t_15890822001,1589-08-22,day,os,letter,to,Christoph Rothmann,Tycho Brahe,Kassel,Latin,Latin / Greek,hven,"Brahe, Epistolarum astronomicarum liber primus (Uraniborg 1596)",VI,181,194,none,0,B,no,yes,yes,"Defends his previous letter against Tycho's misreading, denying he detracted from Scripture's authority, and cites Augustine as a precedent for speaking freely on sacred texts.",https://tekstnet.dk/books/brahe-t_letters/brahe-t_15890822001/,letters/brahe-t_15890822001.html
brahe-t_15890920001,1589-09-20,day,os,letter,to,"Christian IV, King of Denmark",Tycho Brahe,Copenhagen,Danish,Danish,hven,"Dreyer, Tychonis Brahe Dani Opera Omnia (1913–29)",XIV,49,50,unmarked-only,1,A,yes,no,no,"Orders Tycho to maintain the beacon on Kullen more diligently, as seafarers have been complaining about its upkeep.",https://tekstnet.dk/books/brahe-t_letters/brahe-t_15890920001/,letters/brahe-t_15890920001.html
brahe-t_15890925001,1589-09-25,day,os,letter,to,"Christian IV, King of Denmark",Tycho Brahe,Copenhagen,Danish,"Danish, with Latin rubric",hven,"Dreyer, Tychonis Brahe Dani Opera Omnia (1913–29)",XIV,50,50,unmarked-only,1,A,yes,no,no,"Directs Tycho to account before the Council of the Regency for wax salvaged from a 1587 English shipwreck off Anholt, which the crown claims as wreck.",https://tekstnet.dk/books/brahe-t_letters/brahe-t_15890925001/,letters/brahe-t_15890925001.html
brahe-t_15891025001,1589-10-25,day,os,letter,from,Tycho Brahe,John Craig,Hven,Latin,Latin,hven,"Dreyer, Tychonis Brahe Dani Opera Omnia (1913–29)",VII,195,196,draft-only,1,A,yes,no,no,"Sends via William Stuart an apologetic reply to Craig's three summer letters, defending the supralunary position of comets and his innovation in celestial hypotheses.",https://tekstnet.dk/books/brahe-t_letters/brahe-t_15891025001/,letters/brahe-t_15891025001.html
brahe-t_15891101001,1589-11-01,day,os,letter,from,Tycho Brahe,Thaddaeus Hagecius,Hven,Latin,Latin,hven,"Friis, Tychonis Brahei et ad eum doctorum virorum epistolae ab anno 1588 (1900–09)",VII,196,218,mixed,2,A,yes,no,yes,"Acknowledges four letters from Hagecius received over the summer, detailing each one's dispatch and arrival dates and noting the constant delays in transmission.",https://tekstnet.dk/books/brahe-t_letters/brahe-t_15891101001/,letters/brahe-t_15891101001.html
brahe-t_15891120001,1589-11-20,day,os,letter,from,Tycho Brahe,Anders Sørensen Vedel,Hven,Latin,Latin,hven,"Dreyer, Tychonis Brahe Dani Opera Omnia (1913–29)",VII,219,219,copies-only,1,A,yes,no,yes,"Requests Vedel's overdue draft of the Danish Privilege for the first volume now at press, and asks help finding a papermaker for the newly ready mill.",https://tekstnet.dk/books/brahe-t_letters/brahe-t_15891120001/,letters/brahe-t_15891120001.html
brahe-t_15891124001,1589-11-24,day,os,letter,from,Tycho Brahe,Christoph Rothmann,Hven,Latin,Latin,hven,"Brahe, Epistolarum astronomicarum liber primus (Uraniborg 1596)",VI,184,189,none,0,B,no,yes,yes,Clarifies that his previous letter accused Rothmann not of impiety but only of misapplying Moses's description of the Moon as 'lesser light' to questions of physical magnitude.,https://tekstnet.dk/books/brahe-t_letters/brahe-t_15891124001/,letters/brahe-t_15891124001.html
brahe-t_15891130001,1589-11-30,day,os,letter,to,Thaddaeus Hagecius,Tycho Brahe,Prague,Latin,Latin,hven,"Dreyer, Tychonis Brahe Dani Opera Omnia (1913–29)",VII,220,221,unmarked-only,1,A,yes,no,yes,"Reports approaching the royal legate Vinshemius for a letter from Tycho but finding none, and protests that he has always answered Tycho's letters.",https://tekstnet.dk/books/brahe-t_letters/brahe-t_15891130001/,letters/brahe-t_15891130001.html
brahe-t_15891216001,1589-12-16,day,os,letter,from,Tycho Brahe,Poul Madsen,Hven,Latin,Latin,hven,"Dreyer, Tychonis Brahe Dani Opera Omnia (1913–29)",XIV,49,51,original,1,A,yes,no,no,Postpones his visit to Copenhagen and asks Madsen to prevent any communication to the Lord Chancellor in Gellius's name regarding his not-yet-received master's degree.,https://tekstnet.dk/books/brahe-t_letters/brahe-t_15891216001/,letters/brahe-t_15891216001.html
brahe-t_15900000001,1590-00-00,year,unmarked,letter,from,Tycho Brahe,Caspar Peucer,Hven,Latin,Latin,hven,"Dreyer, Tychonis Brahe Dani Opera Omnia (1913–29)",VII,228,239,copies-only,1,A,yes,no,yes,"Explains the delay in replying: Bongars, a French envoy who delivered Peucer's second letter in Copenhagen, departed for Germany before Tycho could send a reply.",https://tekstnet.dk/books/brahe-t_letters/brahe-t_15900000001/,letters/brahe-t_15900000001.html
brahe-t_15900000002,1590-00-00,year,unmarked,letter,third,Christoph Rothmann,Henrik Rantzau,,Latin,Latin,hven,"Brahe, Epistolarum astronomicarum liber primus (Uraniborg 1596)",VI,201,202,none,0,B,no,yes,yes,Asks Rantzau to remind Tycho that letters sent the previous September — one from the Landgrave and two from Rothmann on astronomical matters — still await a reply.,https://tekstnet.dk/books/brahe-t_letters/brahe-t_15900000002/,letters/brahe-t_15900000002.html
brahe-t_15900125001,1590-01-25,day,os,letter,from,Tycho Brahe,Thaddaeus Hagecius,Hven,Latin,Latin,hven,"Dreyer, Tychonis Brahe Dani Opera Omnia (1913–29)",VII,221,224,unmarked-only,1,B,yes,no,yes,"Reassures Hagecius that his earlier letters arrived, explains the missed chance to write via Winshemius, and notes fewer visits to court since King Frederick's death.",https://tekstnet.dk/books/brahe-t_letters/brahe-t_15900125001/,letters/brahe-t_15900125001.html
brahe-t_15900223001,1590-02-23,day,os,letter,from,Tycho Brahe,Thaddaeus Hagecius,Hven,Latin,"Latin, with German address line",hven,"Dreyer, Tychonis Brahe Dani Opera Omnia (1913–29)",VII,224,228,unmarked-only,1,A,yes,no,yes,"Sends a letter via the approaching Frankfurt fair, with little new substance to report but unwilling to let the occasion pass without writing.",https://tekstnet.dk/books/brahe-t_letters/brahe-t_15900223001/,letters/brahe-t_15900223001.html
brahe-t_15900223002,1590-02-23,day,os,letter,from,Tycho Brahe,Christoph Rothmann,Hven,Latin,Latin,hven,"Brahe, Epistolarum astronomicarum liber primus (Uraniborg 1596)",VI,202,204,none,0,C,no,yes,yes,"Chides Rothmann for slow replies and reports that printing of his first volume is nearly finished, with the third and final part now in press.",https://tekstnet.dk/books/brahe-t_letters/brahe-t_15900223002/,letters/brahe-t_15900223002.html
brahe-t_15900228001,1590-02-28,day,os,letter,to,John Craig,Tycho Brahe,Edinburgh,Latin,Latin / Greek,hven,"Dreyer, Tychonis Brahe Dani Opera Omnia (1913–29)",VII,239,242,unmarked-only,1,A,yes,no,no,"Reports hearing from Fuller about Tycho's reception and his reply to Craig's first letter, and declares willingness to yield to Tycho's demonstrations if they prove sound.",https://tekstnet.dk/books/brahe-t_letters/brahe-t_15900228001/,letters/brahe-t_15900228001.html
brahe-t_15900306001,1590-03-06,day,os,letter,to,"Sophie of Mecklenburg, Queen of Denmark",Tycho Brahe,Copenhagen,Danish,"Danish, with Latin rubric",hven,"Dreyer, Tychonis Brahe Dani Opera Omnia (1913–29)",XIV,51,52,unmarked-only,1,A,yes,no,no,Acknowledges Tycho's work in astronomy and the construction of Uraniborg under the late King Frederick's patronage; the letter's rubric identifies it as concerning Tycho's children.,https://tekstnet.dk/books/brahe-t_letters/brahe-t_15900306001/,letters/brahe-t_15900306001.html
brahe-t_15900401001,1590-04-01,day,os,letter,from,Tycho Brahe,"Wilhelm IV, Landgrave of Hesse-Kassel",Hven,Latin,Latin,hven,"Brahe, Epistolarum astronomicarum liber primus (Uraniborg 1596)",VI,204,205,none,0,B,no,yes,yes,"Reports a new, pale comet now visible and sends observations, citing the Landgrave's known interest in such phenomena from the comet of five years before.",https://tekstnet.dk/books/brahe-t_letters/brahe-t_15900401001/,letters/brahe-t_15900401001.html
brahe-t_15900402001,1590-04-02,day,os,letter,from,Tycho Brahe,Henrik Rantzau,Hven,Latin,Latin,hven,"Dreyer, Tychonis Brahe Dani Opera Omnia (1913–29)",VII,242,243,unmarked-only,1,A,yes,no,yes,"Apologizes for delay, reports the inquiry into the Stures' arms via his sister Sophia and Lady Gørvel still unsatisfied, and promises to write when resolved.",https://tekstnet.dk/books/brahe-t_letters/brahe-t_15900402001/,letters/brahe-t_15900402001.html
brahe-t_15900418001,1590-04-18,day,os,letter,to,Christoph Rothmann,Tycho Brahe,Kassel,Latin,Latin,hven,"Brahe, Epistolarum astronomicarum liber primus (Uraniborg 1596)",VI,213,217,none,0,B,no,yes,yes,Excuses his delayed reply by describing two years of severe illness — gout and kidney stones — which so weakened him that he could barely trace a letter.,https://tekstnet.dk/books/brahe-t_letters/brahe-t_15900418001/,letters/brahe-t_15900418001.html
brahe-t_15900501001,1590-05-01,day,ns,letter,to,Thaddaeus Hagecius,Tycho Brahe,Prague,Latin,Latin,hven,"Dreyer, Tychonis Brahe Dani Opera Omnia (1913–29)",VII,243,244,unmarked-only,1,A,yes,no,yes,"Acknowledges receipt of three letters including the Apologia, promises a full reply via courier Curtius, and requests specimen models of the sextant and armillae.",https://tekstnet.dk/books/brahe-t_letters/brahe-t_15900501001/,letters/brahe-t_15900501001.html
brahe-t_15900515001,1590-05-15,day,os,letter,to,"Wilhelm IV, Landgrave of Hesse-Kassel",Tycho Brahe,Kassel,German,"German, with Latin",hven,"Brahe, Epistolarum astronomicarum liber primus (Uraniborg 1596)",VI,211,212,none,0,B,no,yes,yes,"Explains his silence by Rothmann's illness and his own advancing age, lamenting that mathematical studies he once pursued eagerly are now barely comprehensible to him.",https://tekstnet.dk/books/brahe-t_letters/brahe-t_15900515001/,letters/brahe-t_15900515001.html
brahe-t_15900611001,1590-06-11,day,ns,letter,to,Thaddaeus Hagecius,Tycho Brahe,Prague,Latin,Latin,hven,"Dreyer, Tychonis Brahe Dani Opera Omnia (1913–29)",VII,244,255,unmarked-only,2,A,yes,no,yes,"Praises Tycho's letter for its warm recollection of their friendship and learned astronomical disquisition, which he found entirely welcome rather than over-long.",https://tekstnet.dk/books/brahe-t_letters/brahe-t_15900611001/,letters/brahe-t_15900611001.html
brahe-t_15900628001,1590-06-28,day,ns,letter,to,Jacob Kurz,Tycho Brahe,Prague,Latin,Latin,hven,"Brahe, Astronomiae instauratae mechanica (Wandsbek 1598)",V,118,122,none,0,A,yes,no,no,"Thanks Tycho for his letter, declares long-standing admiration for his writings, and describes an earnest desire to visit in person, prevented only by Imperial duty.",https://tekstnet.dk/books/brahe-t_letters/brahe-t_15900628001/,letters/brahe-t_15900628001.html
brahe-t_15900718001,1590-07-18,day,os,letter,to,"Sophie of Mecklenburg, Queen of Denmark",Tycho Brahe,Kolding,Danish,"Danish, with Latin rubric",hven,"Dreyer, Tychonis Brahe Dani Opera Omnia (1913–29)",XIV,52,53,unmarked-only,1,A,yes,no,no,"Demands repayment of a 1,000-daler loan already twice overdue and orders payment at the current Diet in Kolding without further delay.",https://tekstnet.dk/books/brahe-t_letters/brahe-t_15900718001/,letters/brahe-t_15900718001.html
brahe-t_15900801001,1590-08-01,day,os,letter,from,Tycho Brahe,Jacob Kurz,Hven,Latin,Latin,hven,"Dreyer, Tychonis Brahe Dani Opera Omnia (1913–29)",VII,256,262,unmarked-only,1,A,yes,no,no,Thanks Kurz for procuring the Imperial Privilege on his behalf and for writing so luminous a reply despite heavy duties of public administration.,https://tekstnet.dk/books/brahe-t_letters/brahe-t_15900801001/,letters/brahe-t_15900801001.html
brahe-t_15900803001,1590-08-03,day,os,letter,from,Tycho Brahe,Thaddaeus Hagecius,Hven,Latin,Latin,hven,"Dreyer, Tychonis Brahe Dani Opera Omnia (1913–29)",VII,262,275,unmarked-only,2,A,yes,no,yes,"Reports receipt of the new Imperial Privilege via Prague courier, thanks Hagecius for moving Curtius to obtain it, and notes a lost transcript of the Gallican privilege.",https://tekstnet.dk/books/brahe-t_letters/brahe-t_15900803001/,letters/brahe-t_15900803001.html
brahe-t_15900809001,1590-08-09,day,os,letter,to,"Sophie of Mecklenburg, Queen of Denmark",Tycho Brahe,Kolding,Danish,"Danish, with Latin rubric",hven,"Dreyer, Tychonis Brahe Dani Opera Omnia (1913–29)",XIV,53,54,unmarked-only,1,A,yes,no,no,"Grants a further extension on Tycho's 1,000-daler debt to fourteen days after Michaelmas while insisting on payment by that date without further delay or neglect.",https://tekstnet.dk/books/brahe-t_letters/brahe-t_15900809001/,letters/brahe-t_15900809001.html
brahe-t_15900911001,1590-09-11,day,ns,letter,to,Giovanni Antonio Magini,Tycho Brahe,Bologna,Latin,Latin,hven,"Brahe, Astronomiae instauratae mechanica (Wandsbek 1598)",V,124,126,none,0,A,yes,no,yes,"Thanks Tycho for sending his book via a Danish student, notes the rarity of Danish publications in Italy, and welcomes the ensuing opportunity for scholarly exchange.",https://tekstnet.dk/books/brahe-t_letters/brahe-t_15900911001/,letters/brahe-t_15900911001.html
brahe-t_15901000001,1590-10-00,month,unmarked,letter,from,Tycho Brahe,Gellius Sascerides,,Latin,Latin,hven,"Dreyer, Tychonis Brahe Dani Opera Omnia (1913–29)",VII,278,282,copies-only,1,A,yes,no,no,"Notes Magini's approval of his book, discusses his promise to amend planetary tables, and cites a half-degree tabular error in the Sun at the vernal equinox.",https://tekstnet.dk/books/brahe-t_letters/brahe-t_15901000001/,letters/brahe-t_15901000001.html
brahe-t_15901001001,1590-10-01,day,os,letter,from,Tycho Brahe,"Wilhelm IV, Landgrave of Hesse-Kassel",Hven,Latin,Latin,hven,"Brahe, Epistolarum astronomicarum liber primus (Uraniborg 1596)",VI,222,224,none,0,B,no,yes,yes,Reports Rothmann's arrival at Uraniborg with Wilhelm's letter and acknowledges the reasons given for the long interruption in correspondence.,https://tekstnet.dk/books/brahe-t_letters/brahe-t_15901001001/,letters/brahe-t_15901001001.html
brahe-t_15901005001,1590-10-05,day,os,letter,from,Tycho Brahe,Anders Sørensen Vedel,Hven,Latin,Latin,hven,"Dreyer, Tychonis Brahe Dani Opera Omnia (1913–29)",VII,275,276,copies-only,1,A,yes,no,yes,"Chides Vedel for long silence, reports the press stands idle for lack of paper, and asks help finding a skilled papermaker for the new Uraniborg mill.",https://tekstnet.dk/books/brahe-t_letters/brahe-t_15901005001/,letters/brahe-t_15901005001.html
brahe-t_15901021001,1590-10-21,day,os,letter,from,Tycho Brahe,Joachim Camerarius,Hven,Latin,Latin,hven,"Dreyer, Tychonis Brahe Dani Opera Omnia (1913–29)",VII,276,278,unmarked-only,1,A,yes,no,yes,Welcomes news that the second book of the Phaenomenon did not displease Camerarius and that it has been forwarded to Vincenzo Pinelli at Padua.,https://tekstnet.dk/books/brahe-t_letters/brahe-t_15901021001/,letters/brahe-t_15901021001.html
brahe-t_15901027001,1590-10-27,day,os,letter,from,Tycho Brahe,Peter Young,Hven,Latin,Latin,hven,"Dreyer, Tychonis Brahe Dani Opera Omnia (1913–29)",VII,282,283,copies-only,1,A,yes,no,no,"Asks Young to convey thanks for the royal visit to Uraniborg and to solicit a privilege for the typographical labors, while chiding him for long silence.",https://tekstnet.dk/books/brahe-t_letters/brahe-t_15901027001/,letters/brahe-t_15901027001.html
brahe-t_15901201001,1590-12-01,day,os,letter,from,Tycho Brahe,Thomas Savile,Hven,Latin,Latin,hven,"Dreyer, Tychonis Brahe Dani Opera Omnia (1913–29)",VII,283,285,unmarked-only,1,A,yes,no,no,"Acknowledges Savile's letter forwarded via Winsheim, welcomes the correspondence of learned men from across Europe, and notes that English visitors have previously come to Uraniborg.",https://tekstnet.dk/books/brahe-t_letters/brahe-t_15901201001/,letters/brahe-t_15901201001.html
brahe-t_15901201002,1590-12-01,day,os,letter,from,Tycho Brahe,Jacob Kurz,Hven,Latin,Latin,hven,"Friis, Tychonis Brahei et ad eum doctorum virorum epistolae ab anno 1588 (1900–09)",VII,285,288,draft-only,1,A,yes,no,no,"Reports a plan to have the latitudes and longitudes of principal European places determined by dispatching instruments and observers, with a man to be sent shortly.",https://tekstnet.dk/books/brahe-t_letters/brahe-t_15901201002/,letters/brahe-t_15901201002.html
brahe-t_15901201003,1590-12-01,day,os,letter,from,Tycho Brahe,Giovanni Antonio Magini,Hven,Latin,Latin,hven,"Magini, Tabulae primi mobilis (Venice 1604)",VII,289,299,none,0,A,yes,no,yes,"Acknowledges Magini's receipt of the second book of De mundi aetherei recentioribus phaenomenis through Gellius Sascerides and notes the letter from Bologna, received 24 November.",https://tekstnet.dk/books/brahe-t_letters/brahe-t_15901201003/,letters/brahe-t_15901201003.html
brahe-t_15901207001,1590-12-07,day,os,letter,from,Tycho Brahe,Henrik Rantzau,Hven,Latin,Latin / Greek,hven,"Dreyer, Tychonis Brahe Dani Opera Omnia (1913–29)",VII,299,301,unmarked-only,1,A,yes,no,yes,"Presses Rantzau for help procuring a papermaker needed to resume printing at Uraniborg, naming specifically a Caspar who may be working at Rantzau's mill.",https://tekstnet.dk/books/brahe-t_letters/brahe-t_15901207001/,letters/brahe-t_15901207001.html
brahe-t_15901208001,1590-12-08,day,os,letter,from,Tycho Brahe,Bartholomaeus Scultetus,Hven,Latin,Latin,hven,Singularia historico-literaria Lusatica (Leipzig 1736–),VII,300,302,none,0,A,yes,no,no,"Reports that printing is stalled because the papermaker sent to Germany has absconded, leaving the Uraniborg mill idle and the first volume delayed.",https://tekstnet.dk/books/brahe-t_letters/brahe-t_15901208001/,letters/brahe-t_15901208001.html
brahe-t_15910000001,1591-00-00,year,os,letter,from,Tycho Brahe,Gellius Sascerides,Hven,Latin,Latin,hven,"Dreyer, Tychonis Brahe Dani Opera Omnia (1913–29)",VII,304,307,unmarked-only,1,A,yes,no,no,"Instructs Gellius and Magini on conducting solar, stellar, and lunar observations at Padua to determine the meridian difference with Uraniborg and to fix principles of atmospheric refraction.",https://tekstnet.dk/books/brahe-t_letters/brahe-t_15910000001/,letters/brahe-t_15910000001.html
brahe-t_15910000002,1591-00-00,year,os,letter,from,Tycho Brahe,Thaddaeus Hagecius,Hven,Latin,Latin,hven,"Friis, Tychonis Brahei et ad eum doctorum virorum epistolae ab anno 1588 (1900–09)",VII,318,326,unmarked-only,2,A,yes,no,yes,Acknowledges Hagecius's acceptance of Tycho's replies to his astronomical objections and praises his candor in conceding rather than defending untenable positions.,https://tekstnet.dk/books/brahe-t_letters/brahe-t_15910000002/,letters/brahe-t_15910000002.html
brahe-t_15910203001,1591-02-03,day,os,letter,to,"Wilhelm IV, Landgrave of Hesse-Kassel",Tycho Brahe,Kassel,German,"German, with Latin code-switches",hven,"Brahe, Epistolarum astronomicarum liber primus (Uraniborg 1596)",VI,224,225,none,0,B,no,yes,yes,"Asks Tycho to write about conditions in Denmark and to share fixed-star observations for comparison with Kassel's, and mentions a reported unusual animal.",https://tekstnet.dk/books/brahe-t_letters/brahe-t_15910203001/,letters/brahe-t_15910203001.html
brahe-t_15910209001,1591-02-09,day,os,letter,third,"Wilhelm IV, Landgrave of Hesse-Kassel",Christoph Rothmann,Kassel,German,"German, with Latin code-switching",hven,"Dreyer, Tychonis Brahe Dani Opera Omnia (1913–29)",XIV,54,55,unmarked-only,1,A,yes,yes,yes,"Acknowledges Rothmann's report of prolonged illness and the sketch of Tycho's observatory, wishes him recovery, and cautions that the ailments should not be self-inflicted by excess.",https://tekstnet.dk/books/brahe-t_letters/brahe-t_15910209001/,letters/brahe-t_15910209001.html
brahe-t_15910401001,1591-04-01,day,os,letter,from,Tycho Brahe,Christoph Rothmann,Hven,Latin,Latin,hven,"Brahe, Epistolarum astronomicarum liber primus (Uraniborg 1596)",VI,226,230,none,0,B,no,yes,yes,"Defends himself against Wilhelm's complaint of sparse correspondence by noting that earlier letters with comet observations were apparently never received, as Rothmann was also unaware of them.",https://tekstnet.dk/books/brahe-t_letters/brahe-t_15910401001/,letters/brahe-t_15910401001.html
brahe-t_15910522001,1591-05-22,day,os,letter,to,"Wilhelm IV, Landgrave of Hesse-Kassel",Tycho Brahe,Kassel,German,"German, with Latin code-switching",hven,"Brahe, Epistolarum astronomicarum liber primus (Uraniborg 1596)",VI,230,232,none,0,B,no,yes,yes,"Welcomes news that the first volume of De recentioribus coeli Phaenomenis is in press, noting particular interest in the fixed-star content, and inquires about Rothmann's welfare.",https://tekstnet.dk/books/brahe-t_letters/brahe-t_15910522001/,letters/brahe-t_15910522001.html
brahe-t_15910621001,1591-06-21,day,os,letter,from,Tycho Brahe,Anders Christensen,Hven,Danish,"Danish, with Latin rubric",hven,"Dreyer, Tychonis Brahe Dani Opera Omnia (1913–29)",XIV,55,57,original,1,A,yes,no,no,Asks the Rector to convene Niels Krag and Niels Colding before colleagues to give sworn attestation before Tycho's bailiff regarding events witnessed on Tycho's behalf.,https://tekstnet.dk/books/brahe-t_letters/brahe-t_15910621001/,letters/brahe-t_15910621001.html
brahe-t_15910801001,1591-08-01,day,ns,letter,to,Giovanni Antonio Magini,Tycho Brahe,Padua,Latin,Latin,hven,"Magini, Tabulae primi mobilis (Venice 1604)",VII,302,304,none,0,A,yes,no,yes,"Reports that the requested Padua observations of the pole and stellar meridian altitudes remain unconducted due to unsuitable conditions, and announces a dedicated work shortly to be sent.",https://tekstnet.dk/books/brahe-t_letters/brahe-t_15910801001/,letters/brahe-t_15910801001.html
brahe-t_15910829001,1591-08-29,day,ns,letter,to,Thaddaeus Hagecius,Tycho Brahe,Prague,Latin,Latin,hven,"Dreyer, Tychonis Brahe Dani Opera Omnia (1913–29)",VII,303,305,unmarked-only,1,A,yes,no,yes,"Concedes complete defeat in the astronomical disputation with Tycho, reports distributing copies of Tycho's portrait among friends including Curtius who forwarded one to Bavaria.",https://tekstnet.dk/books/brahe-t_letters/brahe-t_15910829001/,letters/brahe-t_15910829001.html
brahe-t_15910830001,1591-08-30,day,os,letter,to,"Christian IV, King of Denmark",Tycho Brahe,Copenhagen,Danish,"Danish, with Latin rubric",hven,"Dreyer, Tychonis Brahe Dani Opera Omnia (1913–29)",XIV,60,60,unmarked-only,1,A,yes,no,no,"Orders Tycho to repair the Chapel of the Three Holy Kings at Roskilde Cathedral before winter, invoking obligations in his letter of enfeoffment.",https://tekstnet.dk/books/brahe-t_letters/brahe-t_15910830001/,letters/brahe-t_15910830001.html
brahe-t_15910831001,1591-08-31,day,os,letter,to,"Wilhelm IV, Landgrave of Hesse-Kassel",Tycho Brahe,Kassel,German,"German, with Latin code-switches",hven,"Brahe, Epistolarum astronomicarum liber primus (Uraniborg 1596)",VI,239,240,none,0,B,no,yes,yes,"Requests the elk Tycho promised, wanting it as a companion for his deer-park elk, and offers Zapfenburger wine in return.",https://tekstnet.dk/books/brahe-t_letters/brahe-t_15910831001/,letters/brahe-t_15910831001.html
brahe-t_15910908001,1591-09-08,day,os,letter,from,Tycho Brahe,"Wilhelm IV, Landgrave of Hesse-Kassel",Hven,German,"German, with Latin code-switching",hven,"Brahe, Epistolarum astronomicarum liber primus (Uraniborg 1596)",VI,233,236,none,0,B,no,yes,yes,"Explains the three-and-a-half-month delay in receiving Wilhelm's May letter, then discusses the first volume of *De Recentioribus coeli Phaenomenis* and its treatment of the stellar restoration.",https://tekstnet.dk/books/brahe-t_letters/brahe-t_15910908001/,letters/brahe-t_15910908001.html
brahe-t_15910926001,1591-09-26,day,os,letter,from,Tycho Brahe,"Wilhelm IV, Landgrave of Hesse-Kassel",Hven,German,"German, with Latin",hven,"Brahe, Epistolarum astronomicarum liber primus (Uraniborg 1596)",VI,242,245,none,0,B,no,yes,yes,"Reports that the promised elk broke its leg and died before it could be sent, and notes that a prior letter explaining this was dispatched via Henrik Ramel.",https://tekstnet.dk/books/brahe-t_letters/brahe-t_15910926001/,letters/brahe-t_15910926001.html
brahe-t_15911113001,1591-11-13,day,os,letter,from,Tycho Brahe,John Maitland,Hven,Latin,Latin,hven,"Dreyer, Tychonis Brahe Dani Opera Omnia (1913–29)",VII,306,308,copies-only,1,A,yes,no,no,"Asks Metellus to compose a poem to accompany Tycho's portrait in his forthcoming works, thanking him for epigrams inscribed on Hven's gate during a previous visit.",https://tekstnet.dk/books/brahe-t_letters/brahe-t_15911113001/,letters/brahe-t_15911113001.html
brahe-t_15911114001,1591-11-14,day,os,letter,from,Tycho Brahe,John Craig,Hven,Latin,Latin,hven,"Dreyer, Tychonis Brahe Dani Opera Omnia (1913–29)",VII,307,319,copies-only,1,A,yes,no,no,"Challenges Craig for falling silent in their ongoing dispute, arguing that acknowledging errors is praiseworthy and urging him either to concede or to continue the debate.",https://tekstnet.dk/books/brahe-t_letters/brahe-t_15911114001/,letters/brahe-t_15911114001.html
brahe-t_15920201001,1592-02-01,day,ns,letter,to,Giovanni Antonio Magini,Tycho Brahe,Bologna,Latin,Latin,hven,"Brahe, Astronomiae instauratae mechanica (Wandsbek 1598)",V,126,128,none,0,A,yes,no,yes,"Announces the discovery of a quick method for extracting square roots of large numbers after years of effort, and previews the result for Tycho before wider publication.",https://tekstnet.dk/books/brahe-t_letters/brahe-t_15920201001/,letters/brahe-t_15920201001.html
brahe-t_15920220001,1592-02-20,day,os,letter,from,Tycho Brahe,"Wilhelm IV, Landgrave of Hesse-Kassel",Hven,German,"German, with Latin code-switch",hven,"Dreyer, Tychonis Brahe Dani Opera Omnia (1913–29)",VI,372,375,none,0,B,no,yes,yes,"Reports that elk are on order from Norway but winter has delayed shipping, promises to inform Wilhelm when animals are ready for collection in spring, and mentions writing to Rothmann.",https://tekstnet.dk/books/brahe-t_letters/brahe-t_15920220001/,letters/brahe-t_15920220001.html
brahe-t_15920220002,1592-02-20,day,os,letter,from,Tycho Brahe,Christoph Rothmann,Hven,Latin,Latin,hven,"Brahe, Epistolarum astronomicarum liber primus (Uraniborg 1596)",VI,298,299,none,0,B,no,yes,yes,"Reproaches Rothmann for nearly eighteen months of silence since his visit to Hven, and reports learning through Rothmann's brother Johannes that he had been detained by illness.",https://tekstnet.dk/books/brahe-t_letters/brahe-t_15920220002/,letters/brahe-t_15920220002.html
brahe-t_15920220003,1592-02-20,day,os,letter,from,Tycho Brahe,"Moritz, Landgrave of Hesse-Kassel",Hven,German,"German, with Latin code-switching",hven,"Brahe, Epistolarum astronomicarum liber primus (Uraniborg 1596)",VI,306,308,none,0,B,no,yes,yes,"Introduces himself formally to Moritz, recalling a brief meeting at Kassel when Moritz was young and noting Rothmann's report that Tycho's name is already known to him.",https://tekstnet.dk/books/brahe-t_letters/brahe-t_15920220003/,letters/brahe-t_15920220003.html
brahe-t_15920312001,1592-03-12,day,os,letter,from,Tycho Brahe,Bartholomaeus Scultetus,Hven,Latin,Latin,hven,Singularia historico-literaria Lusatica (Leipzig 1736–),VII,326,327,none,0,A,yes,no,no,"Sends the first printed gathering of his forthcoming works with its contents table, and asks Scultetus to show it to local booksellers and negotiate terms for copies.",https://tekstnet.dk/books/brahe-t_letters/brahe-t_15920312001/,letters/brahe-t_15920312001.html
brahe-t_15920314001,1592-03-14,day,os,letter,to,"Sophie of Mecklenburg, Queen of Denmark",Tycho Brahe,Hillerød,Danish,"Danish, with Latin rubric",hven,"Dreyer, Tychonis Brahe Dani Opera Omnia (1913–29)",XIV,61,62,unmarked-only,1,A,yes,no,no,"Requests a measure of *smerle* clay from Hven for her father Duke Ulrich of Mecklenburg, and asks for a further supply of burnt antimony.",https://tekstnet.dk/books/brahe-t_letters/brahe-t_15920314001/,letters/brahe-t_15920314001.html
brahe-t_15920320001,1592-03-20,day,os,letter,from,Tycho Brahe,Hugo Blotius,Hven,Latin,Latin,hven,"Dreyer, Tychonis Brahe Dani Opera Omnia (1913–29)",VII,327,330,unmarked-only,1,A,yes,no,no,"Responds to Blotius's letter, acknowledging that their Swiss acquaintance of more than twenty-two years earlier had entirely slipped from memory, and welcomes renewed contact.",https://tekstnet.dk/books/brahe-t_letters/brahe-t_15920320001/,letters/brahe-t_15920320001.html
brahe-t_15920320002,1592-03-20,day,os,letter,from,Tycho Brahe,Peter Young,Hven,Latin,Latin,hven,"Dreyer, Tychonis Brahe Dani Opera Omnia (1913–29)",VII,329,332,copies-only,1,A,yes,no,no,"Reproves Peter Young for not answering two or three previous letters, arguing that frequent shipping between Scotland and Denmark makes such prolonged silence inexcusable.",https://tekstnet.dk/books/brahe-t_letters/brahe-t_15920320002/,letters/brahe-t_15920320002.html
brahe-t_15920322001,1592-03-22,day,os,letter,from,Tycho Brahe,Thaddaeus Hagecius,Hven,Latin,Latin,hven,"Dreyer, Tychonis Brahe Dani Opera Omnia (1913–29)",VII,331,334,draft-only,1,A,yes,no,yes,"Sends the first printed gathering of the *Progymnasmata* with six extra copies for distribution, explaining that Curtius persuaded him to publish a forerunner volume of his planned astronomical restoration.",https://tekstnet.dk/books/brahe-t_letters/brahe-t_15920322001/,letters/brahe-t_15920322001.html
brahe-t_15920327001,1592-03-27,day,os,letter,to,John Craig,Tycho Brahe,Edinburgh,Latin,Latin / Greek,hven,"Dreyer, Tychonis Brahe Dani Opera Omnia (1913–29)",VII,333,335,unmarked-only,1,A,yes,no,no,"Reports reading Tycho's *Apologia* and composing a reply to its first argument, which was delayed when the ship carrying it turned back upon learning the Danish king had departed.",https://tekstnet.dk/books/brahe-t_letters/brahe-t_15920327001/,letters/brahe-t_15920327001.html
brahe-t_15920402001,1592-04-02,day,os,letter,to,"Wilhelm IV, Landgrave of Hesse-Kassel",Tycho Brahe,Kassel,German,"German, with Latin code-switch",hven,"Brahe, Epistolarum astronomicarum liber primus (Uraniborg 1596)",VI,299,301,none,0,B,no,yes,yes,"Thanks Tycho for elk-procurement efforts, and reports that three of four elk recently obtained from Sweden have died, possibly from eating rotten acorns after an unusually heavy mast year.",https://tekstnet.dk/books/brahe-t_letters/brahe-t_15920402001/,letters/brahe-t_15920402001.html
brahe-t_15920402002,1592-04-02,day,os,letter,to,"Moritz, Landgrave of Hesse-Kassel",Tycho Brahe,Kassel,German,"German, with Latin code-switch",hven,"Brahe, Epistolarum astronomicarum liber primus (Uraniborg 1596)",VI,310,311,none,0,B,no,yes,yes,"Demurs at Tycho's high praise of his poetic abilities, but nonetheless sends a commendatory poem for the forthcoming *Opera Astronomica* as requested.",https://tekstnet.dk/books/brahe-t_letters/brahe-t_15920402002/,letters/brahe-t_15920402002.html
brahe-t_15920516001,1592-05-16,day,os,letter,to,John Maitland,Tycho Brahe,Haddington,Latin,Latin,hven,"Friis, Tychonis Brahei et ad eum doctorum virorum epistolae ab anno 1588 (1900–09)",VII,335,337,copies-only,1,A,yes,no,no,"Thanks Brahe for his November letter and the engraved portrait attached, recalling the friendship formed during his recent journey through Denmark.",https://tekstnet.dk/books/brahe-t_letters/brahe-t_15920516001/,letters/brahe-t_15920516001.html
brahe-t_15920730001,1592-07-30,day,os,letter,to,"Wilhelm IV, Landgrave of Hesse-Kassel",Tycho Brahe,Kassel,German,German,hven,"Brahe, Epistolarum astronomicarum liber primus (Uraniborg 1596)",VI,58,71,none,0,B,no,yes,yes,"Asks why the promised Norwegian elk have not been delivered, noting his April courier went unanswered and that his existing Swedish elk have all died.",https://tekstnet.dk/books/brahe-t_letters/brahe-t_15920730001/,letters/brahe-t_15920730001.html
brahe-t_15920805001,1592-08-05,day,os,letter,to,John Craig,Tycho Brahe,Edinburgh,Latin,Latin / Greek,hven,"Dreyer, Tychonis Brahe Dani Opera Omnia (1913–29)",VII,336,338,unmarked-only,1,A,yes,no,no,"Lists errata in the controversy copy sent to Brahe and announces he will make his full reply, undeterred by Brahe's disciples or teachers.",https://tekstnet.dk/books/brahe-t_letters/brahe-t_15920805001/,letters/brahe-t_15920805001.html
brahe-t_15920819001,1592-08-19,day,os,letter,from,Tycho Brahe,John Maitland,Hven,Latin,Latin,hven,"Friis, Tychonis Brahei et ad eum doctorum virorum epistolae ab anno 1588 (1900–09)",VII,337,341,unmarked-only,1,A,yes,no,no,"Explains the delay in replying to Maitland's letter, citing the unexpected impediment to his planned messengers, and now writes via passing merchants.",https://tekstnet.dk/books/brahe-t_letters/brahe-t_15920819001/,letters/brahe-t_15920819001.html
brahe-t_15920920001,1592-09-20,day,os,letter,from,Tycho Brahe,"Wilhelm IV, Landgrave of Hesse-Kassel",Hven,Latin,Latin,hven,"Brahe, Epistolarum astronomicarum liber primus (Uraniborg 1596)",VI,304,306,none,0,B,no,yes,yes,"Explains the delay in delivering the promised Norwegian elk, reporting that his kinsman Axel Gyldenstierne found no skipper willing to transport them safely from Norway.",https://tekstnet.dk/books/brahe-t_letters/brahe-t_15920920001/,letters/brahe-t_15920920001.html
brahe-t_15920921001,1592-09-21,day,os,letter,from,Tycho Brahe,"Moritz, Landgrave of Hesse-Kassel",Hven,Latin,Latin,hven,"Brahe, Epistolarum astronomicarum liber primus (Uraniborg 1596)",VI,312,313,none,0,B,no,yes,yes,Thanks Moritz for composing a commendatory poem for the astronomical works and notes that the verses will stand as a lasting token of his favour.,https://tekstnet.dk/books/brahe-t_letters/brahe-t_15920921001/,letters/brahe-t_15920921001.html
brahe-t_15920928001,1592-09-28,day,os,letter,from,Tycho Brahe,Thaddaeus Hagecius,Hven,Latin,Latin,hven,"Dreyer, Tychonis Brahe Dani Opera Omnia (1913–29)",VII,341,343,unmarked-only,1,A,yes,no,yes,Reports receiving no letter from Hagecius all summer and attributes the silence to courier faithlessness rather than any failure on Hagecius's part.,https://tekstnet.dk/books/brahe-t_letters/brahe-t_15920928001/,letters/brahe-t_15920928001.html
brahe-t_15921001001,1592-10-01,day,os,letter,from,Tycho Brahe,Peter Young,Hven,Latin,Latin,hven,"Dreyer, Tychonis Brahe Dani Opera Omnia (1913–29)",VII,343,344,copies-only,1,A,yes,no,no,Complains of Young's long silence despite several letters and renews a request to obtain a poem from the King of Scots through Young's good offices.,https://tekstnet.dk/books/brahe-t_letters/brahe-t_15921001001/,letters/brahe-t_15921001001.html
brahe-t_15921105001,1592-11-05,day,os,letter,to,Heinrich Brucaeus,Tycho Brahe,Rostock,Latin,Latin,hven,"Dreyer, Tychonis Brahe Dani Opera Omnia (1913–29)",VII,344,345,unmarked-only,1,A,yes,no,yes,Reports finding no printer's assistant via Myliander and questions how Craig can refute the parallax evidence placing the recent comet in the supralunary region.,https://tekstnet.dk/books/brahe-t_letters/brahe-t_15921105001/,letters/brahe-t_15921105001.html
brahe-t_15921117001,1592-11-17,day,os,letter,to,"Christian IV, King of Denmark",Tycho Brahe,Copenhagen,Danish,"Danish, with Latin rubric",hven,"Dreyer, Tychonis Brahe Dani Opera Omnia (1913–29)",XIV,63,64,draft-only,1,A,yes,no,no,"Forwards a complaint from Rasmus Pedersen of Gunderslevmagle, who alleges Brahe has denied him his leased farm and unlawfully imprisoned his brother and servant.",https://tekstnet.dk/books/brahe-t_letters/brahe-t_15921117001/,letters/brahe-t_15921117001.html
brahe-t_15921202001,1592-12-02,day,ns,letter,to,Thaddaeus Hagecius,Tycho Brahe,Prague,Latin,Latin,hven,"Dreyer, Tychonis Brahe Dani Opera Omnia (1913–29)",VII,344,347,copies-only,1,A,yes,no,yes,Explains his long silence by recounting months of serious illness: recurring stomach pain followed by jaundice and a continuous fever lasting through the summer.,https://tekstnet.dk/books/brahe-t_letters/brahe-t_15921202001/,letters/brahe-t_15921202001.html
brahe-t_15921222001,1592-12-22,day,os,letter,from,Tycho Brahe,"Moritz, Landgrave of Hesse-Kassel",Hven,German,German,hven,"Brahe, Epistolarum astronomicarum liber primus (Uraniborg 1596)",VI,336,338,none,0,B,no,yes,yes,Reports to Moritz that the Norwegian elk repeatedly promised to his late father Wilhelm could not be delivered alive despite repeated efforts.,https://tekstnet.dk/books/brahe-t_letters/brahe-t_15921222001/,letters/brahe-t_15921222001.html
brahe-t_15921228001,1592-12-28,day,ns,letter,third,An unknown doctor of medicine,An unknown Danish student,Padua,Latin,Latin,hven,"Brahe, Astronomiae instauratae mechanica (Wandsbek 1598)",V,129,130,none,0,A,yes,no,no,"Reports Galileo's new mathematics chair at Padua, Maginus's Tabula Tetragonica under Tycho's patronage, and a Venetian plan to dispatch a mathematician to Egypt on Tycho's behalf.",https://tekstnet.dk/books/brahe-t_letters/brahe-t_15921228001/,letters/brahe-t_15921228001.html
brahe-t_15930109001,1593-01-09,day,os,letter,from,Tycho Brahe,Henrik Rantzau,Hven,Latin,Latin,hven,"Friis, Tychonis Brahei et ad eum doctorum virorum epistolae ab anno 1588 (1900–09)",VII,346,348,copies-only,1,A,yes,no,yes,"Asks Rantzau to assist with forwarding perspective drawings sent by his former architect, now supervising construction of Varberg castle in Halland.",https://tekstnet.dk/books/brahe-t_letters/brahe-t_15930109001/,letters/brahe-t_15930109001.html
brahe-t_15930419001,1593-04-19,day,os,letter,from,Tycho Brahe,Jacob Kurz,Hven,Latin,Latin,hven,"Dreyer, Tychonis Brahe Dani Opera Omnia (1913–29)",VII,347,350,copies-only,1,A,yes,no,no,Thanks Kurz for securing the Imperial privilege for his astronomical works and recalls Kurz's earlier expressions of goodwill and favour toward the mathematical arts.,https://tekstnet.dk/books/brahe-t_letters/brahe-t_15930419001/,letters/brahe-t_15930419001.html
brahe-t_15930420001,1593-04-20,day,os,letter,from,Tycho Brahe,Thaddaeus Hagecius,Hven,Latin,Latin,hven,"Dreyer, Tychonis Brahe Dani Opera Omnia (1913–29)",VII,349,352,copies-only,1,A,yes,no,yes,"Acknowledges Hagecius's December letter describing his serious illnesses, expresses sympathy, and advises against strong purging medicines in favour of gentle remedies suited to old age.",https://tekstnet.dk/books/brahe-t_letters/brahe-t_15930420001/,letters/brahe-t_15930420001.html
brahe-t_15930427001,1593-04-27,day,os,letter,from,Tycho Brahe,Peter Young,Hven,Latin,Latin,hven,"Dreyer, Tychonis Brahe Dani Opera Omnia (1913–29)",VII,352,353,copies-only,1,A,yes,no,no,Protests Young's continuing silence and asks whether previous letters and an elegiac epistle intended for the Scottish King arrived safely.,https://tekstnet.dk/books/brahe-t_letters/brahe-t_15930427001/,letters/brahe-t_15930427001.html
brahe-t_15930801001,1593-08-01,day,os,letter,to,Peter Young,Tycho Brahe,Edinburgh,Latin,Latin / Greek,hven,"Dreyer, Tychonis Brahe Dani Opera Omnia (1913–29)",VII,353,354,unmarked-only,1,A,yes,no,no,"Apologizes for prolonged silence, choosing confession over excuses, and assures Brahe his goodwill remains unchanged, with the ambassadors offered as pledges of his constancy.",https://tekstnet.dk/books/brahe-t_letters/brahe-t_15930801001/,letters/brahe-t_15930801001.html
brahe-t_15930911001,1593-09-11,day,os,letter,from,Tycho Brahe,Peter Young,Hven,Latin,Latin,hven,"Dreyer, Tychonis Brahe Dani Opera Omnia (1913–29)",VII,354,356,copies-only,1,A,yes,no,no,"Accepts Young's apology for a long epistolary silence and thanks him for procuring items as requested, with news passed through the returning lord ambassadors.",https://tekstnet.dk/books/brahe-t_letters/brahe-t_15930911001/,letters/brahe-t_15930911001.html
brahe-t_15931224001,1593-12-24,day,os,letter,to,Thaddaeus Hagecius,Tycho Brahe,Prague,Latin,Latin / Greek,hven,"Dreyer, Tychonis Brahe Dani Opera Omnia (1913–29)",VII,355,358,unmarked-only,1,A,yes,no,yes,"Apologizes for a year of epistolary silence, attributing it to the burdens of office, poor health, and failing memory in his sixty-eighth year.",https://tekstnet.dk/books/brahe-t_letters/brahe-t_15931224001/,letters/brahe-t_15931224001.html
brahe-t_15940000001,1594-00-00,year,os,letter,from,Tycho Brahe,Thaddaeus Hagecius,Hven,Latin,Latin,hven,"Dreyer, Tychonis Brahe Dani Opera Omnia (1913–29)",VII,357,361,draft-only,1,A,yes,no,yes,"Expresses relief at Hagecius's survival, questions whether his earlier letter and two copies of the *Progymnasmata Astronomica* were received.",https://tekstnet.dk/books/brahe-t_letters/brahe-t_15940000001/,letters/brahe-t_15940000001.html
brahe-t_15940000002,1594-00-00,year,os,letter,to,Thomas Craig,Tycho Brahe,,Latin,Latin,hven,"Dreyer, Tychonis Brahe Dani Opera Omnia (1913–29)",VII,363,365,unmarked-only,1,A,yes,no,no,"Thanks Tycho for favorable mention in a letter to Young, pledges devotion, and asks that any remaining offence from his brother be forgiven.",https://tekstnet.dk/books/brahe-t_letters/brahe-t_15940000002/,letters/brahe-t_15940000002.html
brahe-t_15940307001,1594-03-07,day,os,act,to,"Christian IV, King of Denmark",Tycho Brahe,Kolding,Latin,Latin,hven,"Dreyer, Tychonis Brahe Dani Opera Omnia (1913–29)",XIV,65,67,unmarked-only,1,A,yes,no,no,Grants Tycho a royal privilege protecting the forthcoming *Progymnasmata Astronomica* against unauthorized reprinting.,https://tekstnet.dk/books/brahe-t_letters/brahe-t_15940307001/,letters/brahe-t_15940307001.html
brahe-t_15940422001,1594-04-22,day,os,letter,to,John Craig,Tycho Brahe,Edinburgh,Latin,Latin,hven,"Dreyer, Tychonis Brahe Dani Opera Omnia (1913–29)",VII,361,364,unmarked-only,1,A,yes,no,no,"Seeks to renew friendship after the cooling caused by a previous disputation, crediting Master Junius's mediation with reopening contact.",https://tekstnet.dk/books/brahe-t_letters/brahe-t_15940422001/,letters/brahe-t_15940422001.html
brahe-t_15940608001,1594-06-08,day,os,letter,to,"Christian IV, King of Denmark",Tycho Brahe,Copenhagen,Danish,"Danish, with Latin rubric",hven,"Dreyer, Tychonis Brahe Dani Opera Omnia (1913–29)",XIV,67,67,unmarked-only,1,A,yes,no,no,"Orders reconsideration of Christoffer Pepeler's imprisonment on Hven, following his wife's petition that he was detained despite posting bail after his goods were seized.",https://tekstnet.dk/books/brahe-t_letters/brahe-t_15940608001/,letters/brahe-t_15940608001.html
brahe-t_15940726001,1594-07-26,day,os,letter,from,Tycho Brahe,Thomas Craig,Hven,Latin,Latin,hven,"Dreyer, Tychonis Brahe Dani Opera Omnia (1913–29)",VII,364,366,draft-only,1,A,yes,no,no,"Thanks Craig for his letters, explains a missed meeting with Junius at Helsingør, and briefly addresses the dispute over comets.",https://tekstnet.dk/books/brahe-t_letters/brahe-t_15940726001/,letters/brahe-t_15940726001.html
brahe-t_15940810001,1594-08-10,day,os,act,from,Tycho Brahe,open letter / deed of declaration,Helsingør,Danish,Danish,hven,"Dreyer, Tychonis Brahe Dani Opera Omnia (1913–29)",XIV,68,68,unmarked-only,1,A,yes,no,no,"Declares the sale of his half-share of Knudstrup to his brother Steen Brahe, reserving the right to retain the style 'of Knudstrup' for life.",https://tekstnet.dk/books/brahe-t_letters/brahe-t_15940810001/,letters/brahe-t_15940810001.html
brahe-t_15940904001,1594-09-04,day,os,letter,to,"Christian IV, King of Denmark",Tycho Brahe,Kolding,Danish,"Danish, with Latin rubric",hven,"Dreyer, Tychonis Brahe Dani Opera Omnia (1913–29)",XIV,68,69,unmarked-only,1,A,yes,no,no,Rebukes Tycho for failing to repair the Chapel of the Three Holy Kings at Roskilde Cathedral and demands completion before Christmas.,https://tekstnet.dk/books/brahe-t_letters/brahe-t_15940904001/,letters/brahe-t_15940904001.html
brahe-t_15940928001,1594-09-28,day,os,letter,to,Christoph Rothmann,Tycho Brahe,Bernburg,Latin,Latin,hven,"Brahe, Epistolarum astronomicarum liber primus (Uraniborg 1596)",VI,313,315,none,0,B,no,yes,yes,"Explains his long absence by severe arthritis and nephritic pain, reports a partial recovery, and mentions searching Frankfurt catalogues.",https://tekstnet.dk/books/brahe-t_letters/brahe-t_15940928001/,letters/brahe-t_15940928001.html
brahe-t_15941023001,1594-10-23,day,os,letter,to,Cort Aslaksen,Tycho Brahe,Siegen,Latin,Latin,hven,"Dreyer, Tychonis Brahe Dani Opera Omnia (1913–29)",VII,365,368,unmarked-only,1,A,yes,no,yes,"Apologizes for six months of silence due to remote location, reporting a previous letter sent via a Marburg messenger accompanying a paper-maker for Tycho's mill.",https://tekstnet.dk/books/brahe-t_letters/brahe-t_15941023001/,letters/brahe-t_15941023001.html
brahe-t_15941108001,1594-11-08,day,os,letter,to,"Christian IV, King of Denmark",Tycho Brahe,Copenhagen,Danish,"Danish, with Latin rubric",hven,"Dreyer, Tychonis Brahe Dani Opera Omnia (1913–29)",XIV,69,69,unmarked-only,1,A,yes,no,no,Authorizes replacing the Roskilde chapel vaulting with beams and orders the renovation of the Chapel of the Three Holy Kings completed without delay.,https://tekstnet.dk/books/brahe-t_letters/brahe-t_15941108001/,letters/brahe-t_15941108001.html
brahe-t_15941111001,1594-11-11,day,os,letter,to,The Rector and Professors of the University of Copenhagen,Tycho Brahe,Copenhagen,Danish,"Danish, with Latin rubric",hven,"Dreyer, Tychonis Brahe Dani Opera Omnia (1913–29)",XIV,69,70,unmarked-only,1,A,yes,no,no,"Presents a complaint from their miller Lauge against Tycho's servant Peder over a mill dispute, asking Tycho to punish his man or allow legal proceedings.",https://tekstnet.dk/books/brahe-t_letters/brahe-t_15941111001/,letters/brahe-t_15941111001.html
brahe-t_15941207001,1594-12-07,day,os,letter,from,Tycho Brahe,The Rector and Professors of the University of Copenhagen,Hven,Danish,"Danish, with embedded Latin",hven,"Dreyer, Tychonis Brahe Dani Opera Omnia (1913–29)",XIV,69,71,unmarked-only,1,A,yes,no,no,"Responds to the mill complaint by reporting that the opposing party refused a hearing and the offered transcript of five letters, leaving no further obligation.",https://tekstnet.dk/books/brahe-t_letters/brahe-t_15941207001/,letters/brahe-t_15941207001.html
brahe-t_15950111001,1595-01-11,day,os,letter,from,Tycho Brahe,The Rector and Professors of the University of Copenhagen,Copenhagen,Danish,"Danish, with Latin rubric",hven,"Dreyer, Tychonis Brahe Dani Opera Omnia (1913–29)",XIV,71,73,unmarked-only,1,A,yes,no,no,"Defends his position in the mill dispute, reporting that the opposing party refused to acknowledge the reading of five letters or accept the offered transcript.",https://tekstnet.dk/books/brahe-t_letters/brahe-t_15950111001/,letters/brahe-t_15950111001.html
brahe-t_15950114001,1595-01-14,day,os,letter,from,Tycho Brahe,Christoph Rothmann,Hven,Latin,Latin,hven,"Brahe, Epistolarum astronomicarum liber primus (Uraniborg 1596)",VI,321,326,none,0,B,no,yes,yes,"Acknowledges Rothmann's long-awaited letter, condoles with him over prolonged illness from Tartareous salts, and resumes their suspended astronomical correspondence.",https://tekstnet.dk/books/brahe-t_letters/brahe-t_15950114001/,letters/brahe-t_15950114001.html
brahe-t_15950812001,1595-08-12,day,os,letter,from,Tycho Brahe,Thaddaeus Hagecius,Hven,Latin,Latin,hven,"Dreyer, Tychonis Brahe Dani Opera Omnia (1913–29)",VII,367,371,unmarked-only,2,A,yes,no,yes,"Expresses joy at receiving Hagecius's letter after nearly three years of silence, having feared that advancing age and illness had proved fatal.",https://tekstnet.dk/books/brahe-t_letters/brahe-t_15950812001/,letters/brahe-t_15950812001.html
brahe-t_15950905001,1595-09-05,day,os,letter,from,Tycho Brahe,Johannes Isacius Pontanus,Hven,Latin,Latin,hven,"Crato, Contra vitam monasticam ad Bern. Mattium epistola",VII,370,374,none,0,A,yes,no,no,"Replies to two letters, notes that an expected visitor has not arrived, and complains that the globe-maker Sphaeropaeus has sent neither correspondence nor globes, apparently gripped by avarice.",https://tekstnet.dk/books/brahe-t_letters/brahe-t_15950905001/,letters/brahe-t_15950905001.html
brahe-t_15960000001,1596-00-00,year,unmarked,letter,to,Holger Rosenkrantz,Tycho Brahe,,Latin,Latin,hven,"Friis, Tychonis Brahei et ad eum doctorum virorum epistolae ab anno 1588 (1900–09)",VII,374,375,copies-only,1,A,yes,no,no,"Affirms the family bond with Tycho, professes sincere regard and admiration for his learning, and promises faithful service in whatever matter Tycho may require.",https://tekstnet.dk/books/brahe-t_letters/brahe-t_15960000001/,letters/brahe-t_15960000001.html
brahe-t_15960000002,1596-00-00,year,unmarked,letter,to,Hartwig von Dassel,Tycho Brahe,Lüneburg,Latin,Latin / Greek,hven,"Dassel, Poematum libri IV, with the Epistolarum familiarium liber (1596)",VII,3,376,none,0,B,no,no,no,"Explains that admiration for Tycho long deterred him from writing to so eminent a man, but a forwarded letter from Rantzau has now prompted him to make contact.",https://tekstnet.dk/books/brahe-t_letters/brahe-t_15960000002/,letters/brahe-t_15960000002.html
brahe-t_15960122001,1596-01-22,day,os,letter,from,Tycho Brahe,Holger Rosenkrantz,Hven,Latin,Latin,hven,"Dreyer, Tychonis Brahe Dani Opera Omnia (1913–29)",VII,373,375,copies-only,1,A,yes,no,no,"Asks Rosenkrantz to prevent a defendant from fleeing to court, where Tycho is pressing a legal suit requiring testimony in defence of his reputation.",https://tekstnet.dk/books/brahe-t_letters/brahe-t_15960122001/,letters/brahe-t_15960122001.html
brahe-t_15960219001,1596-02-19,day,os,letter,from,Tycho Brahe,Cort Aslaksen,Hven,Latin,Latin,hven,"Aslaksen, Sphaericorum libri tres",VII,376,377,none,0,A,yes,no,yes,"Thanks Aslaksen for Pitiscus's book on triangles, praises it, and invites Pitiscus to correspond, expressing a wish that more clergymen possessed skill in geometry.",https://tekstnet.dk/books/brahe-t_letters/brahe-t_15960219001/,letters/brahe-t_15960219001.html
brahe-t_15960325001,1596-03-25,day,os,letter,from,Tycho Brahe,Johannes Isacius Pontanus,Hven,Latin,Latin,hven,"Crato, Contra vitam monasticam ad Bern. Mattium epistola",VII,376,379,none,0,A,yes,no,no,"Responds to news that Pontanus is now in England, commends his literary studies there, and urges him to secure an English publication privilege before Pentecost.",https://tekstnet.dk/books/brahe-t_letters/brahe-t_15960325001/,letters/brahe-t_15960325001.html
brahe-t_15960331001,1596-03-31,day,os,letter,from,Tycho Brahe,The Rector and Professors of the University of Copenhagen,,Danish,"Danish, with Latin rubric",hven,Danske Magazin,XIV,71,75,none,0,A,yes,no,no,"Presses the rector of the University of Copenhagen for a definitive written reply from the consistory on two pending matters, having received only vague assurances thus far.",https://tekstnet.dk/books/brahe-t_letters/brahe-t_15960331001/,letters/brahe-t_15960331001.html
brahe-t_15960331002,1596-03-31,day,os,letter,from,Tycho Brahe,The Rector and Professors of the University of Copenhagen,Copenhagen,Danish,"Danish, with Latin",hven,Danske Magazin,XIV,71,71,none,0,B,no,no,no,"Accepts the rector's refusal to show the unsealed statement, but requests that all consistory acts relating to his case be subscribed on each page, sealed, and retained until needed.",https://tekstnet.dk/books/brahe-t_letters/brahe-t_15960331002/,letters/brahe-t_15960331002.html
brahe-t_15960402001,1596-04-02,day,os,letter,to,Mads Jørgensen Huus,Tycho Brahe,Halsnøy Abbey,Danish,Danish,hven,"Dreyer, Tychonis Brahe Dani Opera Omnia (1913–29)",XIV,97,98,unmarked-only,1,A,yes,no,no,Reports that Tycho's letters were safely delivered and presents a candidate to manage the fief and command of Nordfjord on Tycho's behalf.,https://tekstnet.dk/books/brahe-t_letters/brahe-t_15960402001/,letters/brahe-t_15960402001.html
brahe-t_15961231001,1596-12-31,day,os,letter,from,Tycho Brahe,Christian Friis,Hven,Latin,Latin,hven,"Dreyer, Tychonis Brahe Dani Opera Omnia (1913–29)",XIV,98,101,copies-only,1,A,yes,no,no,"Argues that it falls to the new chancellor to support astronomy and the liberal disciplines, citing Manilius on the art's glory for kingdoms and kings.",https://tekstnet.dk/books/brahe-t_letters/brahe-t_15961231001/,letters/brahe-t_15961231001.html
brahe-t_15970000001,1597-00-00,year,os,letter,from,Tycho Brahe,Claus Mule,,Latin,Latin,hven,"Dreyer, Tychonis Brahe Dani Opera Omnia (1913–29)",XIV,122,124,copies-only,1,A,yes,no,no,"Corrects the claim that he left Denmark merely because of revenue losses, arguing that all his revenues were withdrawn and that his emigration had deeper causes.",https://tekstnet.dk/books/brahe-t_letters/brahe-t_15970000001/,letters/brahe-t_15970000001.html
brahe-t_15970120001,1597-01-20,day,os,letter,to,Christian Friis,Tycho Brahe,Kolding,Latin,Latin,hven,"Dreyer, Tychonis Brahe Dani Opera Omnia (1913–29)",XIV,100,102,copies-only,1,A,yes,no,no,"Reports the king's refusal of both Tycho's requests: no treasury funds for the upkeep of astronomical instruments, and no extension of the Norwegian benefice.",https://tekstnet.dk/books/brahe-t_letters/brahe-t_15970120001/,letters/brahe-t_15970120001.html
brahe-t_15970222001,1597-02-22,day,os,letter,from,Tycho Brahe,Henrik Rantzau,Copenhagen,Latin,Latin,hven,"Dreyer, Tychonis Brahe Dani Opera Omnia (1913–29)",VII,378,382,unmarked-only,1,A,yes,no,yes,"Thanks Rantzau for forwarding dispatches and promises regarding correction of the Spanish patent, and reports receiving a request from Archbishop Ernst of Cologne for astronomical and astrological communication.",https://tekstnet.dk/books/brahe-t_letters/brahe-t_15970222001/,letters/brahe-t_15970222001.html
brahe-t_15970330001,1597-03-30,day,os,letter,to,Jacques Bongars,Tycho Brahe,Frankfurt am Main,Latin,Latin,hven,"Dreyer, Tychonis Brahe Dani Opera Omnia (1913–29)",VII,382,383,unmarked-only,1,A,yes,no,no,"Sends theses he helped arrange for publication, notes having forwarded Tycho's first letter-volume to Élie, and recalls being a guest of Tycho's in 1584.",https://tekstnet.dk/books/brahe-t_letters/brahe-t_15970330001/,letters/brahe-t_15970330001.html
brahe-t_15970331001,1597-03-31,day,os,letter,from,Tycho Brahe,Henrik Rantzau,Copenhagen,Latin,Latin,hven,"Dreyer, Tychonis Brahe Dani Opera Omnia (1913–29)",VII,382,383,unmarked-only,1,A,yes,no,yes,"Notes that several letters, some for Rantzau's eyes only, have gone unanswered, and urges a reply, assuring him the matter discussed is being actively pursued.",https://tekstnet.dk/books/brahe-t_letters/brahe-t_15970331001/,letters/brahe-t_15970331001.html
brahe-t_15970601001,1597-06-01,day,os,act,from,Tycho Brahe,"open testimonial, for Christian Severini Longomontanus",Copenhagen,Latin,Latin,exile,"Dreyer, Tychonis Brahe Dani Opera Omnia (1913–29)",VII,383,384,copies-only,1,A,yes,no,no,"Certifies that Longomontanus served faithfully for nearly eight years in astronomical work, conducted himself virtuously, and is released at his own request with a commendation to all.",https://tekstnet.dk/books/brahe-t_letters/brahe-t_15970601001/,letters/brahe-t_15970601001.html
brahe-t_15970616001,1597-06-16,day,os,letter,to,David Chytraeus,Tycho Brahe,Rostock,Latin,Latin,exile,"Dreyer, Tychonis Brahe Dani Opera Omnia (1913–29)",VIII,3,3,copies-only,1,A,yes,no,no,"Congratulates Rostock on Tycho's arrival, quotes Cicero on the disgrace of expelling a great man from his homeland, and prays for Tycho's flourishing in the city.",https://tekstnet.dk/books/brahe-t_letters/brahe-t_15970616001/,letters/brahe-t_15970616001.html
brahe-t_15970617001,1597-06-17,day,os,letter,from,Tycho Brahe,"Moritz, Landgrave of Hesse-Kassel",Rostock,Latin,Latin,exile,"Dreyer, Tychonis Brahe Dani Opera Omnia (1913–29)",XIV,105,108,original,1,A,yes,yes,yes,"Explains the delay in replying due to his departure from Denmark, thanks Moritz for investigating Erik Lange's financial affairs and debts, and reports currently tarrying at Rostock.",https://tekstnet.dk/books/brahe-t_letters/brahe-t_15970617001/,letters/brahe-t_15970617001.html
brahe-t_15970710001,1597-07-10,day,os,letter,from,Tycho Brahe,"Christian IV, King of Denmark",,Danish,Danish,exile,"Dreyer, Tychonis Brahe Dani Opera Omnia (1913–29)",XIV,108,111,copies-only,2,A,yes,no,no,"Recounts twenty-two years of astronomical work on Hven at Frederick II's encouragement and justifies his departure, having had no opportunity for a royal audience beforehand.",https://tekstnet.dk/books/brahe-t_letters/brahe-t_15970710001/,letters/brahe-t_15970710001.html
brahe-t_15970729001,1597-07-29,day,os,letter,from,Tycho Brahe,"Ulrich III, Duke of Mecklenburg",Rostock,German,"German, with Latin rubric",exile,"Dreyer, Tychonis Brahe Dani Opera Omnia (1913–29)",XIV,111,112,copies-only,1,A,yes,no,no,"Thanks the Duke for his past visit to Hven, explains his departure from Denmark for unstated weighty reasons, and reports current residence in Rostock.",https://tekstnet.dk/books/brahe-t_letters/brahe-t_15970729001/,letters/brahe-t_15970729001.html
brahe-t_15970802001,1597-08-02,day,os,letter,to,Jacob Bording,Tycho Brahe,Güstrow,Latin,Latin,exile,"Dreyer, Tychonis Brahe Dani Opera Omnia (1913–29)",VIII,5,5,copies-only,1,A,yes,no,no,"Acknowledges Tycho's departure from Denmark, grieves the loss to astronomy, and promises to present his letter to the Duke and procure a letter of recommendation.",https://tekstnet.dk/books/brahe-t_letters/brahe-t_15970802001/,letters/brahe-t_15970802001.html
brahe-t_15970804001,1597-08-04,day,os,letter,to,"Ulrich III, Duke of Mecklenburg",Tycho Brahe,Güstrow,German,German,exile,"Dreyer, Tychonis Brahe Dani Opera Omnia (1913–29)",XIV,112,113,copies-only,1,A,yes,no,no,"Acknowledges displeasure at Tycho's changed circumstances, recalls seeing the instruments on Hven, and expresses regret that the astronomical work may not be brought to completion.",https://tekstnet.dk/books/brahe-t_letters/brahe-t_15970804001/,letters/brahe-t_15970804001.html
brahe-t_15970804002,1597-08-04,day,os,letter,third,"Ulrich III, Duke of Mecklenburg","Christian IV, King of Denmark",Güstrow,German,German,exile,"Dreyer, Tychonis Brahe Dani Opera Omnia (1913–29)",XIV,113,114,copies-only,1,A,yes,no,no,"Intercedes with King Christian IV on Tycho's behalf, arguing that his departure risks leaving his astronomical works unfinished, and recommends him to royal favour.",https://tekstnet.dk/books/brahe-t_letters/brahe-t_15970804002/,letters/brahe-t_15970804002.html
brahe-t_15970907001,1597-09-07,day,os,letter,from,Tycho Brahe,Erik Sparre,Rostock,Latin,Latin,exile,"Dreyer, Tychonis Brahe Dani Opera Omnia (1913–29)",XIV,118,120,original,1,A,yes,no,no,Apologizes for failing to write earlier amid departure preparations and explains his decision to remain at Rostock to give his countrymen time to reconsider.,https://tekstnet.dk/books/brahe-t_letters/brahe-t_15970907001/,letters/brahe-t_15970907001.html
brahe-t_15970917001,1597-09-17,day,os,letter,from,Tycho Brahe,Henrik Rantzau,Segeberg,Latin,Latin,exile,"Dreyer, Tychonis Brahe Dani Opera Omnia (1913–29)",VIII,5,6,unmarked-only,1,A,yes,no,yes,"Thanks Rantzau for estates offered and requests a location near a large town where a printing-house, engravers, and instrument-makers are available to complete his books.",https://tekstnet.dk/books/brahe-t_letters/brahe-t_15970917001/,letters/brahe-t_15970917001.html
brahe-t_15971008001,1597-10-08,day,os,letter,to,"Christian IV, King of Denmark",Tycho Brahe,Copenhagen,Danish,Danish,exile,"Dreyer, Tychonis Brahe Dani Opera Omnia (1913–29)",XIV,120,123,copies-only,1,A,yes,no,no,"Acknowledges Tycho's letter from Rostock summarising his loss of astronomical stipend, lack of means to continue independently, and assertion that his departure was blameless.",https://tekstnet.dk/books/brahe-t_letters/brahe-t_15971008001/,letters/brahe-t_15971008001.html
brahe-t_15971107001,1597-11-07,day,os,letter,from,Tycho Brahe,Holger Rosenkrantz,Wandsbek,Latin,Latin,exile,"Dreyer, Tychonis Brahe Dani Opera Omnia (1913–29)",VIII,8,10,copies-only,1,A,yes,no,no,"Reports withdrawal from plague-struck Rostock to Holstein at Rantzau's invitation, where several castles have been placed at his disposal.",https://tekstnet.dk/books/brahe-t_letters/brahe-t_15971107001/,letters/brahe-t_15971107001.html
brahe-t_15971116001,1597-11-16,day,os,letter,from,Tycho Brahe,Holger Rosenkrantz,Wandsbek,Latin,Latin,exile,"Dreyer, Tychonis Brahe Dani Opera Omnia (1913–29)",VIII,10,12,copies-only,1,A,yes,no,no,"Laments the ill-will and avarice of those who misled the young King against him, driving him from Denmark; text is heavily fragmentary.",https://tekstnet.dk/books/brahe-t_letters/brahe-t_15971116001/,letters/brahe-t_15971116001.html
brahe-t_15971123001,1597-11-23,day,os,letter,to,David Fabricius,Tycho Brahe,,Latin,Latin,exile,"Dreyer, Tychonis Brahe Dani Opera Omnia (1913–29)",VIII,13,14,unmarked-only,1,A,yes,no,no,"Corrects an earlier error in Jupiter observations, supplying revised distances from Aldebaran and the shoulder of Orion, and notes dissatisfaction with his sextant's graduated scale.",https://tekstnet.dk/books/brahe-t_letters/brahe-t_15971123001/,letters/brahe-t_15971123001.html
brahe-t_15971213001,1597-12-13,day,os,letter,to,Johannes Kepler,Tycho Brahe,Graz,Latin,Latin,exile,"Dreyer, Tychonis Brahe Dani Opera Omnia (1913–29)",VIII,14,15,copies-only,1,A,yes,no,yes,"Introduces himself to Tycho, sends the Prodromus dissertationum cosmographicarum, and requests Tycho's judgment on the work, citing Maestlin's prior approval.",https://tekstnet.dk/books/brahe-t_letters/brahe-t_15971213001/,letters/brahe-t_15971213001.html
brahe-t_15971216001,1597-12-16,day,os,letter,to,Holger Rosenkrantz,Tycho Brahe,Haderslev,Latin,Latin,exile,"Dreyer, Tychonis Brahe Dani Opera Omnia (1913–29)",VIII,15,17,copies-only,1,A,yes,no,no,Apologizes for delayed reply due to wedding festivities and expresses grief not for Tycho personally but for the fatherland that has wronged him.,https://tekstnet.dk/books/brahe-t_letters/brahe-t_15971216001/,letters/brahe-t_15971216001.html
brahe-t_15971222001,1597-12-22,day,os,letter,from,Tycho Brahe,"Joachim Friedrich, Elector of Brandenburg",Bramstedt,German,German,exile,"Dreyer, Tychonis Brahe Dani Opera Omnia (1913–29)",XIV,125,127,copies-only,1,A,yes,no,no,"Explains that his departure from Denmark was prompted by pressing reasons and not intended as a slight to the King, who may have been misled by ill-wishers.",https://tekstnet.dk/books/brahe-t_letters/brahe-t_15971222001/,letters/brahe-t_15971222001.html
brahe-t_15971226001,1597-12-26,day,os,letter,from,Tycho Brahe,Holger Rosenkrantz,Hamburg,Latin,Latin,exile,"Dreyer, Tychonis Brahe Dani Opera Omnia (1913–29)",VIII,17,18,copies-only,1,A,yes,no,no,Reports meeting the Lord Administrator and his consort at Bramstedt and departing with his household for Hamburg for Christmas.,https://tekstnet.dk/books/brahe-t_letters/brahe-t_15971226001/,letters/brahe-t_15971226001.html
brahe-t_15980000001,1598-00-00,year,unmarked,letter,to,Johannes Isacius Pontanus,Tycho Brahe,,Latin,Latin,exile,"Dreyer, Tychonis Brahe Dani Opera Omnia (1913–29)",VIII,20,20,copies-only,1,A,yes,no,no,Relays that Scaliger has incorporated Tycho's vernal and autumnal observations into his own work and suggests Holland would suit Tycho better than Germany.,https://tekstnet.dk/books/brahe-t_letters/brahe-t_15980000001/,letters/brahe-t_15980000001.html
brahe-t_15980000002,1598-00-00,year,os,letter,from,Tycho Brahe,Thaddaeus Hagecius,Wandsbek,Latin,Latin / Greek,exile,"Friis, Tychonis Brahei et ad eum doctorum virorum epistolae ab anno 1588 (1900–09)",VIII,55,59,copies-only,1,A,yes,no,yes,"Thanks Hagecius for arranging to send a defamatory pamphlet and declines to reply to its author, deeming him unworthy of refutation.",https://tekstnet.dk/books/brahe-t_letters/brahe-t_15980000002/,letters/brahe-t_15980000002.html
brahe-t_15980102001,1598-01-02,day,os,letter,from,Tycho Brahe,"Rudolf II, Holy Roman Emperor",Wandsbek,Latin,Latin,exile,"Dreyer, Tychonis Brahe Dani Opera Omnia (1913–29)",VIII,18,20,unmarked-only,1,A,yes,no,no,Addresses Rudolf II invoking the Imperial tradition of astronomical patronage and solicits the Emperor's clement reception of his petition.,https://tekstnet.dk/books/brahe-t_letters/brahe-t_15980102001/,letters/brahe-t_15980102001.html
brahe-t_15980118001,1598-01-18,day,os,letter,to,Heinrich Ellenberger,Tycho Brahe,London,Latin,Latin,exile,"Dreyer, Tychonis Brahe Dani Opera Omnia (1913–29)",VIII,21,22,copies-only,2,A,yes,no,no,"Reports learning from Matthew Roydon that Tycho has moved to Germany, expresses relief at sparing a journey to Denmark, and hopes Tycho may settle in Hesse.",https://tekstnet.dk/books/brahe-t_letters/brahe-t_15980118001/,letters/brahe-t_15980118001.html
brahe-t_15980122001,1598-01-22,day,os,letter,from,Tycho Brahe,Holger Rosenkrantz,Wandsbek,Latin,Latin,exile,"Dreyer, Tychonis Brahe Dani Opera Omnia (1913–29)",VIII,22,24,copies-only,1,A,yes,no,no,"Accepts the excuses of Rosenkrantz and Cragius for not visiting, urges Holger to free himself from court obligations and return to virtue and learning.",https://tekstnet.dk/books/brahe-t_letters/brahe-t_15980122001/,letters/brahe-t_15980122001.html
brahe-t_15980125001,1598-01-25,day,os,letter,third,"Joachim Friedrich, Elector of Brandenburg",Christian Friis and Christoffer Valkendorf,Berlin,German,"German, with Latin code-switches",exile,"Dreyer, Tychonis Brahe Dani Opera Omnia (1913–29)",XIV,131,131,copies-only,1,A,yes,no,no,"Asks the Danish Steward and Chancellor to support Tycho Brahe with the king, noting the Elector has written separately to the royal family on Tycho's behalf.",https://tekstnet.dk/books/brahe-t_letters/brahe-t_15980125001/,letters/brahe-t_15980125001.html
brahe-t_15980125002,1598-01-25,day,os,letter,third,"Joachim Friedrich, Elector of Brandenburg","Christian IV, King of Denmark",Berlin,German,"German, with Latin rubric",exile,"Dreyer, Tychonis Brahe Dani Opera Omnia (1913–29)",XIV,131,132,copies-only,1,A,yes,no,no,"Intercedes on Tycho Brahe's behalf with Christian IV, noting the Elector knows only Tycho's own account and expects the king to act fairly regardless.",https://tekstnet.dk/books/brahe-t_letters/brahe-t_15980125002/,letters/brahe-t_15980125002.html
brahe-t_15980204001,1598-02-04,day,os,letter,third,"Katharina, Electress of Brandenburg","Christian IV, King of Denmark",Berlin,German,German,exile,"Dreyer, Tychonis Brahe Dani Opera Omnia (1913–29)",XIV,132,133,copies-only,1,A,yes,no,no,"Exchanges greetings and inquires after the king's health, reporting that the Electress herself has been suffering from a cough for several days.",https://tekstnet.dk/books/brahe-t_letters/brahe-t_15980204001/,letters/brahe-t_15980204001.html
brahe-t_15980207001,1598-02-07,day,os,letter,from,Tycho Brahe,"Christian IV, King of Denmark",Wandsbek,Latin,Latin,exile,"Dreyer, Tychonis Brahe Dani Opera Omnia (1913–29)",XIV,132,134,draft-only,1,A,yes,no,no,Thanks Christian IV for his father Frederick II's patronage of astronomy and complains that hidden enemies have maliciously obstructed him without cause.,https://tekstnet.dk/books/brahe-t_letters/brahe-t_15980207001/,letters/brahe-t_15980207001.html
brahe-t_15980214001,1598-02-14,day,os,letter,from,Tycho Brahe,Holger Rosenkrantz,Wandsbek,Latin,Latin,exile,"Dreyer, Tychonis Brahe Dani Opera Omnia (1913–29)",VIII,24,25,copies-only,1,A,yes,no,no,"Asks Rosenkrantz for the name, address, and preferred language of an Austrian baron introduced by Erik Lange, in order to solicit testimony about the plagiarist Ursus.",https://tekstnet.dk/books/brahe-t_letters/brahe-t_15980214001/,letters/brahe-t_15980214001.html
brahe-t_15980214002,1598-02-14,day,os,letter,to,"Katharina, Electress of Brandenburg",Tycho Brahe,Berlin,German,German,exile,"Dreyer, Tychonis Brahe Dani Opera Omnia (1913–29)",XIV,134,135,copies-only,1,A,yes,no,no,"Sends her servant Johann Müller to study mathematics and spagyric preparation of medicaments under Tycho, requesting compliance with the terms previously promised.",https://tekstnet.dk/books/brahe-t_letters/brahe-t_15980214002/,letters/brahe-t_15980214002.html
brahe-t_15980218001,1598-02-18,day,os,letter,from,Tycho Brahe,Anders Sørensen Vedel,Wandsbek,Latin,"Latin, with Danish",exile,"Friis, Tychonis Brahei et ad eum doctorum virorum epistolae ab anno 1588 (1900–09)",VIII,25,27,copies-only,1,A,yes,no,yes,"Rebukes Vedel for adopting a judge's tone and for failing to keep a promised journey, addressing also some matters concerning Lange and English letters.",https://tekstnet.dk/books/brahe-t_letters/brahe-t_15980218001/,letters/brahe-t_15980218001.html
brahe-t_15980307001,1598-03-07,day,ns,letter,to,Jacob Monau (Monavius),Tycho Brahe,Wrocław,Latin,Latin,exile,"Friis, Tychonis Brahei et ad eum doctorum virorum epistolae ab anno 1588 (1900–09)",VIII,28,31,copies-only,1,A,yes,no,no,"Explains a delayed reply by three months of illness, thanks Tycho for his letter and the items enclosed, and reports recovering health.",https://tekstnet.dk/books/brahe-t_letters/brahe-t_15980307001/,letters/brahe-t_15980307001.html
brahe-t_15980311001,1598-03-11,day,os,letter,to,Vitus Winshemius,Tycho Brahe,Hamburg,German,German address + Latin,exile,"Friis, Tychonis Brahei et ad eum doctorum virorum epistolae ab anno 1588 (1900–09)",VIII,31,31,copies-only,1,A,yes,no,no,"Reports completing business with Johann Bokel, the Duke of Brunswick's agreement with Tycho's view, and the absence of news about the Queen's arrival in Hamburg.",https://tekstnet.dk/books/brahe-t_letters/brahe-t_15980311001/,letters/brahe-t_15980311001.html
brahe-t_15980314001,1598-03-14,day,os,letter,from,Tycho Brahe,Joseph Justus Scaliger,Wandsbek,Latin,Latin,exile,"Dreyer, Tychonis Brahe Dani Opera Omnia (1913–29)",VIII,31,33,copies-only,2,A,yes,no,yes,"Introduces himself to Scaliger via the bearer Frans Tengnagel, expresses long-held admiration, and praises the newly received *De Temporum Emendatione*.",https://tekstnet.dk/books/brahe-t_letters/brahe-t_15980314001/,letters/brahe-t_15980314001.html
brahe-t_15980324001,1598-03-24,day,os,letter,from,Tycho Brahe,Christen Sørensen Longomontanus,Wandsbek,Latin,Latin,exile,"Friis, Tychonis Brahei et ad eum doctorum virorum epistolae ab anno 1588 (1900–09)",VIII,34,35,copies-only,1,A,yes,no,no,"Thanks Longomontanus for his concern, asks about Wittich's manuscripts and their price at Wittich's sister's house, and mentions Ursus's slanderous writing against Tycho's honour.",https://tekstnet.dk/books/brahe-t_letters/brahe-t_15980324001/,letters/brahe-t_15980324001.html
brahe-t_15980328001,1598-03-28,day,os,letter,from,Tycho Brahe,Vitus Winshemius,Wandsbek,Latin,Latin,exile,"Dreyer, Tychonis Brahe Dani Opera Omnia (1913–29)",VIII,35,35,copies-only,1,A,yes,no,no,"Asks Winshemius to press Bökel to deliver books already paid for by Holger Rosenkrantz, threatening legal action if Bökel refuses to honour his promises.",https://tekstnet.dk/books/brahe-t_letters/brahe-t_15980328001/,letters/brahe-t_15980328001.html
brahe-t_15980329001,1598-03-29,day,os,letter,from,Tycho Brahe,Jacob Bording,Wandsbek,Latin,Latin,exile,"Dreyer, Tychonis Brahe Dani Opera Omnia (1913–29)",VIII,36,37,draft-only,1,A,yes,no,no,"Asks Bording to present a personal letter to Duke Ulrich and to interpret it charitably if overly frank, urging complete secrecy about its contents.",https://tekstnet.dk/books/brahe-t_letters/brahe-t_15980329001/,letters/brahe-t_15980329001.html
brahe-t_15980331001,1598-03-31,day,os,letter,third,Daniel Cramer,Holger Rosenkrantz,Stettin,Latin,Latin / Greek,exile,"Hansch, Epistolae ad Ioannem Keplerum scriptae (Leipzig 1718)",VIII,37,43,copies-only,1,A,yes,no,yes,"Warmly acknowledges two letters from Rosenkrantz expressing deep affection, though noting they were tinged with bitterness by some unhappy news they also conveyed.",https://tekstnet.dk/books/brahe-t_letters/brahe-t_15980331001/,letters/brahe-t_15980331001.html
brahe-t_15980331002,1598-03-31,day,os,letter,from,Tycho Brahe,Andreas Meier,Wandsbek,German,German,exile,"Dreyer, Tychonis Brahe Dani Opera Omnia (1913–29)",XIV,134,136,original,1,A,yes,no,no,"Formally acknowledges requesting a 100-thaler advance from the Mecklenburg treasury, to be deducted from the 600 thalers owed to Tycho when the revenue falls due.",https://tekstnet.dk/books/brahe-t_letters/brahe-t_15980331002/,letters/brahe-t_15980331002.html
brahe-t_15980400001,1598-04-00,month,os,letter,to,Georg Rollenhagen,Tycho Brahe,Magdeburg,Latin,"Latin, with a German interpolation",exile,"Friis, Tychonis Brahei et ad eum doctorum virorum epistolae ab anno 1588 (1900–09)",VIII,49,52,copies-only,1,A,yes,no,yes,"Describes how a kinsman at the Imperial court shared Ursus's attacking pamphlet, which was briefly lost through a friend's carelessness before being recovered.",https://tekstnet.dk/books/brahe-t_letters/brahe-t_15980400001/,letters/brahe-t_15980400001.html
brahe-t_15980401001,1598-04-01,day,os,letter,from,Tycho Brahe,Johannes Kepler,Wandsbek,Latin,Latin,exile,"Dreyer, Tychonis Brahe Dani Opera Omnia (1913–29)",VIII,44,48,unmarked-only,1,A,yes,no,yes,"Acknowledges Kepler's letter and praises the *Prodromus Dissertationum Cosmographicarum*, admiring its wit and the ingenious speculation binding planetary distances to the regular solids.",https://tekstnet.dk/books/brahe-t_letters/brahe-t_15980401001/,letters/brahe-t_15980401001.html
brahe-t_15980410001,1598-04-10,day,os,letter,from,Tycho Brahe,Anders Sørensen Vedel,Wandsbek,Latin,Latin,exile,"Dreyer, Tychonis Brahe Dani Opera Omnia (1913–29)",VIII,48,50,copies-only,1,A,yes,no,yes,Presses Vedel to respond about provisions to be procured for Tycho's use and to enlist friends and kinsmen in securing them.,https://tekstnet.dk/books/brahe-t_letters/brahe-t_15980410001/,letters/brahe-t_15980410001.html
brahe-t_15980421001,1598-04-21,day,unmarked,letter,from,Tycho Brahe,Michael Mästlin,Wandsbek,Latin,Latin,exile,"Dreyer, Tychonis Brahe Dani Opera Omnia (1913–29)",VIII,51,55,unmarked-only,1,A,yes,no,yes,"Recalls a ten-year-old promise by Maestlin to read and comment on Tycho's 1577 comet book, and reproaches him for never writing.",https://tekstnet.dk/books/brahe-t_letters/brahe-t_15980421001/,letters/brahe-t_15980421001.html
brahe-t_15980508001,1598-05-08,day,os,letter,from,Tycho Brahe,Holger Rosenkrantz,Wandsbek,Latin,Latin,exile,"Friis, Tychonis Brahei et ad eum doctorum virorum epistolae ab anno 1588 (1900–09)",VIII,58,68,copies-only,1,A,yes,no,no,"Relays news of Erik Sparre's promises at Rostock, reports uncertainty about the Kolding assembly, and comments on Rantzau's role.",https://tekstnet.dk/books/brahe-t_letters/brahe-t_15980508001/,letters/brahe-t_15980508001.html
brahe-t_15980524001,1598-05-24,day,os,letter,to,Daniel Cramer,Tycho Brahe,Stettin,Latin,Latin / Greek,exile,"Dreyer, Tychonis Brahe Dani Opera Omnia (1913–29)",VIII,68,69,copies-only,1,A,yes,no,yes,"Sends a promised Propempticon poem for Tycho's Urania, confirms dispatch of the testimony on the Liddelian plagiarism, and announces his doctoral promotion at Wittenberg.",https://tekstnet.dk/books/brahe-t_letters/brahe-t_15980524001/,letters/brahe-t_15980524001.html
brahe-t_15980528001,1598-05-28,day,os,letter,from,Tycho Brahe,Christoffer Valkendorf,Wandsbek,Danish,Danish,exile,"Dreyer, Tychonis Brahe Dani Opera Omnia (1913–29)",XIV,138,139,original,1,A,yes,no,no,Thanks Valkendorf for the support he gives Tycho's bailiff on Hven in managing disobedient peasants and settling their claims.,https://tekstnet.dk/books/brahe-t_letters/brahe-t_15980528001/,letters/brahe-t_15980528001.html
brahe-t_15980530001,1598-05-30,day,ns,letter,to,Thaddaeus Hagecius,Tycho Brahe,Prague,Latin,Latin,exile,"Dreyer, Tychonis Brahe Dani Opera Omnia (1913–29)",VIII,67,68,copies-only,1,A,yes,no,yes,"Urges Tycho to come to Prague without delay, reporting that Vice-Chancellor Coraduz has commended him favourably to the Emperor.",https://tekstnet.dk/books/brahe-t_letters/brahe-t_15980530001/,letters/brahe-t_15980530001.html
brahe-t_15980607001,1598-06-07,day,unmarked,letter,from,Tycho Brahe,Jacob Grynaeus,Wandsbek,Latin,Latin,exile,"Dreyer, Tychonis Brahe Dani Opera Omnia (1913–29)",VIII,68,71,unmarked-only,1,A,yes,no,no,Thanks Grynaeus for his sympathetic letter regarding the envy and malevolence of certain men that drove Tycho from Denmark.,https://tekstnet.dk/books/brahe-t_letters/brahe-t_15980607001/,letters/brahe-t_15980607001.html
brahe-t_15980618001,1598-06-18,day,os,letter,to,Georg Rollenhagen,Tycho Brahe,Magdeburg,Latin,Latin,exile,"Dreyer, Tychonis Brahe Dani Opera Omnia (1913–29)",VIII,70,73,copies-only,1,A,yes,no,yes,"Shares his kinsman's intelligence about Ursus and the Emperor's expectation of Tycho, and reports speaking with the Lord of Brunswick on Tycho's behalf.",https://tekstnet.dk/books/brahe-t_letters/brahe-t_15980618001/,letters/brahe-t_15980618001.html
brahe-t_15980623001,1598-06-23,day,unmarked,letter,from,Tycho Brahe,Holger Rosenkrantz,Wandsbek,Latin,Latin,exile,"Dreyer, Tychonis Brahe Dani Opera Omnia (1913–29)",VIII,73,76,copies-only,1,A,yes,no,no,Reports two printing errors in the Mechanica — a missing 'I' before 'Curtio' and 'GENEROSE' printed for 'INGENIOSE' — and asks Rosenkrantz to correct them.,https://tekstnet.dk/books/brahe-t_letters/brahe-t_15980623001/,letters/brahe-t_15980623001.html
brahe-t_15980625001,1598-06-25,day,ns,letter,third,"Ernst of Bavaria, Archbishop-Elector of Cologne",Henrik Rantzau,Liège,Latin,Latin,exile,"Dreyer, Tychonis Brahe Dani Opera Omnia (1913–29)",XIV,139,140,copies-only,1,A,yes,no,yes,"Expresses keen pleasure at Brahe's work samples and Rantzau's recommendation, and promises to continue cherishing Brahe as worthy of Denmark and Germany.",https://tekstnet.dk/books/brahe-t_letters/brahe-t_15980625001/,letters/brahe-t_15980625001.html
brahe-t_15980625002,1598-06-25,day,ns,letter,to,"Ernst of Bavaria, Archbishop-Elector of Cologne",Tycho Brahe,Liège,Latin,Latin,exile,"Dreyer, Tychonis Brahe Dani Opera Omnia (1913–29)",XIV,139,140,copies-only,1,A,yes,no,no,"Acknowledges Tycho's gift of books and the report of his affairs brought by the bearer, and pledges continued commendation to the Emperor.",https://tekstnet.dk/books/brahe-t_letters/brahe-t_15980625002/,letters/brahe-t_15980625002.html
brahe-t_15980626001,1598-06-26,day,ns,letter,third,"Ernst of Bavaria, Archbishop-Elector of Cologne","Rudolf II, Holy Roman Emperor",Liège,German,German,exile,"Dreyer, Tychonis Brahe Dani Opera Omnia (1913–29)",XIV,140,141,copies-only,1,A,yes,no,no,"Commends to the Emperor Tycho Brahe's resolve to leave Denmark and settle in Germany under imperial protection, praising his learning and renown.",https://tekstnet.dk/books/brahe-t_letters/brahe-t_15980626001/,letters/brahe-t_15980626001.html
brahe-t_15980626002,1598-06-26,day,ns,letter,third,"Ernst of Bavaria, Archbishop-Elector of Cologne",Johann Anton Barvitius,Liège,German,German / Latin,exile,"Dreyer, Tychonis Brahe Dani Opera Omnia (1913–29)",XIV,140,142,copies-only,1,A,yes,no,no,"Asks the imperial secretary to ensure Tycho receives a prompt decision on his petition, calling him the sole restorer of astronomy.",https://tekstnet.dk/books/brahe-t_letters/brahe-t_15980626002/,letters/brahe-t_15980626002.html
brahe-t_15980627001,1598-06-27,day,os,letter,to,Niels Hemmingsen,Tycho Brahe,Roskilde,Latin,Latin,exile,"Dreyer, Tychonis Brahe Dani Opera Omnia (1913–29)",VIII,76,77,unmarked-only,1,A,yes,no,no,"Responds to Tycho's letter, returns greetings to Monau and the Bucretius brothers, and addresses the request for copies of Melanchthon letters.",https://tekstnet.dk/books/brahe-t_letters/brahe-t_15980627001/,letters/brahe-t_15980627001.html
brahe-t_15980628001,1598-06-28,day,os,letter,from,Tycho Brahe,Holger Rosenkrantz,Wandsbek,Latin,Latin,exile,"Dreyer, Tychonis Brahe Dani Opera Omnia (1913–29)",VIII,76,79,copies-only,1,A,yes,no,no,"Forwards copies of letters from a Magdeburg friend reporting the Emperor's disposition toward Tycho, and notes he must reply to Eske Bille.",https://tekstnet.dk/books/brahe-t_letters/brahe-t_15980628001/,letters/brahe-t_15980628001.html
brahe-t_15980706001,1598-07-06,day,unmarked,letter,to,Frans Tengnagel,Tycho Brahe,Amsterdam,Latin,Latin / German,exile,"Friis, Tychonis Brahei et ad eum doctorum virorum epistolae ab anno 1588 (1900–09)",VIII,79,83,copies-only,1,A,yes,no,no,"Reports in detail his embassy to Elector Ernst of Cologne at Aachen and Liège, delivering Tycho's letters and receiving the Elector's warm patronage promises.",https://tekstnet.dk/books/brahe-t_letters/brahe-t_15980706001/,letters/brahe-t_15980706001.html
brahe-t_15980709001,1598-07-09,day,unmarked,letter,to,Joseph Justus Scaliger,Tycho Brahe,Leiden,Latin,Latin / Greek,exile,"Friis, Tychonis Brahei et ad eum doctorum virorum epistolae ab anno 1588 (1900–09)",VIII,82,87,copies-only,2,A,yes,no,yes,"Expresses relief at finally learning Tycho's whereabouts after his departure from Denmark, and writes now that his location at Wandsbek is known.",https://tekstnet.dk/books/brahe-t_letters/brahe-t_15980709001/,letters/brahe-t_15980709001.html
brahe-t_15980710001,1598-07-10,day,unmarked,letter,third,Johan Stygge,Hans Aalborg,Hamburg,Latin,Latin / Danish,exile,"Dreyer, Tychonis Brahe Dani Opera Omnia (1913–29)",XIV,141,145,copies-only,1,A,yes,no,no,"Reports conversations about the causes of Tycho's departure from Denmark, defending the fatherland against those who condemn it for losing him.",https://tekstnet.dk/books/brahe-t_letters/brahe-t_15980710001/,letters/brahe-t_15980710001.html
brahe-t_15980810001,1598-08-10,day,os,letter,from,Tycho Brahe,Holger Rosenkrantz,Wandsbek,Latin,Latin / Danish,exile,"Friis, Tychonis Brahei et ad eum doctorum virorum epistolae ab anno 1588 (1900–09)",VIII,87,92,copies-only,1,A,yes,no,no,"Reports receiving Holger's delayed letter, notes the Brandenburg electoral letters were not presented to the King, and alludes to collusion between the two Chancellors.",https://tekstnet.dk/books/brahe-t_letters/brahe-t_15980810001/,letters/brahe-t_15980810001.html
brahe-t_15980816001,1598-08-16,day,os,letter,third,"Ulrich III, Duke of Mecklenburg","Rudolf II, Holy Roman Emperor",Güstrow,German,German,exile,"Dreyer, Tychonis Brahe Dani Opera Omnia (1913–29)",XIV,144,146,copies-only,1,A,yes,no,no,"Reports that Tycho left Denmark voluntarily when his astronomical work could no longer be valued, and that Ulrich interceded with the Danish king on his behalf.",https://tekstnet.dk/books/brahe-t_letters/brahe-t_15980816001/,letters/brahe-t_15980816001.html
brahe-t_15980820001,1598-08-20,day,os,letter,from,Tycho Brahe,Niels Krag,Wandsbek,Latin,Latin,exile,"Friis, Tychonis Brahei et ad eum doctorum virorum epistolae ab anno 1588 (1900–09)",VIII,91,100,copies-only,1,A,yes,no,no,"Reports Mule's return without the money owed; Eske failed to obtain two thousand joachims at Flensburg, and Accius defers payment citing his dead brother's debts.",https://tekstnet.dk/books/brahe-t_letters/brahe-t_15980820001/,letters/brahe-t_15980820001.html
brahe-t_15980823001,1598-08-23,day,os,letter,from,Tycho Brahe,Joseph Justus Scaliger,Wandsbek,Latin,Latin,exile,"Dreyer, Tychonis Brahe Dani Opera Omnia (1913–29)",VIII,99,109,copies-only,3,A,yes,no,yes,"Thanks Scaliger for his concern about affairs, for discussions of chronology and stellar reckoning, and for courteously receiving Tengnagel; declines to detail the reasons for his departure.",https://tekstnet.dk/books/brahe-t_letters/brahe-t_15980823001/,letters/brahe-t_15980823001.html
brahe-t_15980905001,1598-09-05,day,unmarked,letter,from,Tycho Brahe,Holger Rosenkrantz,Wandsbek,Latin,Latin,exile,"Dreyer, Tychonis Brahe Dani Opera Omnia (1913–29)",VIII,108,110,copies-only,1,A,yes,no,no,"Urges Holger to reply to earlier letters without further delay and to dispatch the promised wagon from Aarhus to Lübeck, which is holding up the journey.",https://tekstnet.dk/books/brahe-t_letters/brahe-t_15980905001/,letters/brahe-t_15980905001.html
brahe-t_15980909001,1598-09-09,day,unmarked,letter,from,Tycho Brahe,Holger Rosenkrantz,Wandsbek,Latin,Latin,exile,"Dreyer, Tychonis Brahe Dani Opera Omnia (1913–29)",VIII,109,113,copies-only,1,A,yes,no,no,"Clarifies that the promised wagon has not arrived in Lübeck, contradicting Holger's assumption, and repeats the request to send it without further delay.",https://tekstnet.dk/books/brahe-t_letters/brahe-t_15980909001/,letters/brahe-t_15980909001.html
brahe-t_15980910001,1598-09-10,day,os,letter,to,Christen Sørensen Longomontanus,Tycho Brahe,,German,German + Latin,exile,"Dreyer, Tychonis Brahe Dani Opera Omnia (1913–29)",XIV,145,147,unmarked-only,1,A,yes,no,no,Reports Winsheim's inquiry with Böckel about the late Pieremann's books: Böckel had sold them wholesale to Holger Rosenkrantz for 150 thalers and handed them over to Claus Mule.,https://tekstnet.dk/books/brahe-t_letters/brahe-t_15980910001/,letters/brahe-t_15980910001.html
brahe-t_15980914001,1598-09-14,day,os,letter,from,Tycho Brahe,Holger Rosenkrantz,Hamburg,Latin,Latin / Danish,exile,"Dreyer, Tychonis Brahe Dani Opera Omnia (1913–29)",VIII,112,114,copies-only,1,A,yes,no,no,"Writes again through Frans Rantzau to press Holger once more about the promised wagon, which has still not arrived in Lübeck despite repeated requests.",https://tekstnet.dk/books/brahe-t_letters/brahe-t_15980914001/,letters/brahe-t_15980914001.html
brahe-t_15980914002,1598-09-14,day,os,letter,from,Tycho Brahe,"Ulrich III, Duke of Mecklenburg",Wandsbek,German,German,exile,"Dreyer, Tychonis Brahe Dani Opera Omnia (1913–29)",XIV,146,148,original,1,A,yes,no,no,"Thanks Duke Ulrich for his gracious reply and for sending a letter of commendation to the Emperor, and acknowledges the Duke's favorable reception of the Mechanica.",https://tekstnet.dk/books/brahe-t_letters/brahe-t_15980914002/,letters/brahe-t_15980914002.html
brahe-t_15980925001,1598-09-25,day,unmarked,letter,from,Tycho Brahe,Holger Rosenkrantz,Wandsbek,Latin,Latin,exile,"Dreyer, Tychonis Brahe Dani Opera Omnia (1913–29)",VIII,113,116,copies-only,1,A,yes,no,no,Reports that the long-promised wagon has reached Oldesloe but the delay had forced him to buy a replacement at Hamburg for fifty joachimsthalers three days before.,https://tekstnet.dk/books/brahe-t_letters/brahe-t_15980925001/,letters/brahe-t_15980925001.html
brahe-t_15981007001,1598-10-07,day,os,letter,to,David Chytraeus,Tycho Brahe,Rostock,Latin,Latin,exile,"Dreyer, Tychonis Brahe Dani Opera Omnia (1913–29)",VIII,115,117,copies-only,2,A,yes,no,no,"Thanks Tycho for his letter, which Chytraeus regards as a singular honour, and praises Tycho's gracious acknowledgment of the University of Rostock's welcome.",https://tekstnet.dk/books/brahe-t_letters/brahe-t_15981007001/,letters/brahe-t_15981007001.html
brahe-t_15981108001,1598-11-08,day,os,letter,from,Tycho Brahe,Ferdinando I de' Medici,Dresden,Latin,Latin,exile,"Dreyer, Tychonis Brahe Dani Opera Omnia (1913–29)",VIII,117,119,unmarked-only,1,A,yes,no,no,"Commends a former household student traveling to Italy and sends two bound books for the Grand Duke, seconding a recommendation already given by Heinrich Rantzau.",https://tekstnet.dk/books/brahe-t_letters/brahe-t_15981108001/,letters/brahe-t_15981108001.html
brahe-t_15981112001,1598-11-12,day,ns,letter,to,Johann Georg Gödelmann,Tycho Brahe,Prague,German,German,exile,"Dreyer, Tychonis Brahe Dani Opera Omnia (1913–29)",VIII,117,118,copies-only,1,A,yes,no,no,"Reports that the Emperor desires Tycho's presence but has not settled a court residence due to the plague, and advises waiting for Rudolf's final arrangement.",https://tekstnet.dk/books/brahe-t_letters/brahe-t_15981112001/,letters/brahe-t_15981112001.html
brahe-t_15981128001,1598-11-28,day,os,letter,from,Tycho Brahe,Giovanni Antonio Magini,Dresden,Latin,Latin,exile,"Dreyer, Tychonis Brahe Dani Opera Omnia (1913–29)",VIII,119,125,unmarked-only,1,A,yes,no,yes,"Acknowledges, five years after receipt, Magini's Tabula Tetragonica (dedicated to him) and notes his approval while observing that the calculations are not fully worked through.",https://tekstnet.dk/books/brahe-t_letters/brahe-t_15981128001/,letters/brahe-t_15981128001.html
brahe-t_15981201001,1598-12-01,day,ns,letter,to,Thaddaeus Hagecius,Tycho Brahe,Prague,Latin,Latin,exile,"Dreyer, Tychonis Brahe Dani Opera Omnia (1913–29)",VIII,118,120,unmarked-only,1,A,yes,no,yes,"Forwards a note from Coraduz bearing the Emperor's resolution, received just before Hagecius's departure, and adds nothing further beyond this dispatch.",https://tekstnet.dk/books/brahe-t_letters/brahe-t_15981201001/,letters/brahe-t_15981201001.html
brahe-t_15981205001,1598-12-05,day,unmarked,letter,from,Tycho Brahe,Holger Rosenkrantz,Wittenberg,Latin,Latin,exile,"Dreyer, Tychonis Brahe Dani Opera Omnia (1913–29)",VIII,124,126,copies-only,1,A,yes,no,no,"Reports his journey from Wandsbek toward Prague, with stops at Magdeburg and Dresden while awaiting the Emperor's reply, and announces his son Tycho's departure.",https://tekstnet.dk/books/brahe-t_letters/brahe-t_15981205001/,letters/brahe-t_15981205001.html
brahe-t_15981205002,1598-12-05,day,unmarked,letter,from,Tycho Brahe,Niels Krag,Wittenberg,Latin,Latin / Danish,exile,"Friis, Tychonis Brahei et ad eum doctorum virorum epistolae ab anno 1588 (1900–09)",VIII,126,131,copies-only,1,A,yes,no,no,"Reports receiving Krag's October letter and wonders why Holger retained earlier letters meant for Krag, urging Krag to answer promptly and explain what was done with those letters.",https://tekstnet.dk/books/brahe-t_letters/brahe-t_15981205002/,letters/brahe-t_15981205002.html
brahe-t_15981230001,1598-12-30,day,os,letter,from,Tycho Brahe,Anders Sørensen Vedel,Wittenberg,Latin,Latin,exile,"Dreyer, Tychonis Brahe Dani Opera Omnia (1913–29)",VIII,130,133,copies-only,1,A,yes,no,yes,"Recounts the journey from Wandsbek toward Prague, halted at Dresden when plague in Bohemia worsened and the Emperor withdrew, having been summoned through Coraduz and Hagecius.",https://tekstnet.dk/books/brahe-t_letters/brahe-t_15981230001/,letters/brahe-t_15981230001.html
brahe-t_15981231001,1598-12-31,day,os,letter,from,Tycho Brahe,Christen Sørensen Longomontanus,Wittenberg,Latin,Latin,exile,"Friis, Tychonis Brahei et ad eum doctorum virorum epistolae ab anno 1588 (1900–09)",VIII,132,134,copies-only,1,A,yes,no,no,"Reports a Hamburg printer's corruption of the lunar-motion gatherings, plans to reprint them correctly at Wittenberg, and thanks Longomontanus for staying with his household at Wandsbek.",https://tekstnet.dk/books/brahe-t_letters/brahe-t_15981231001/,letters/brahe-t_15981231001.html
brahe-t_15981231002,1598-12-31,day,os,letter,from,Tycho Brahe,Holger Rosenkrantz,Wittenberg,Latin,Latin,exile,"Dreyer, Tychonis Brahe Dani Opera Omnia (1913–29)",VIII,133,135,copies-only,1,A,yes,no,no,"Reports wintering at Wittenberg because epidemic plague prevents travel to Bohemia, notes the Emperor is similarly displaced, and asks Rosenkrantz for news from Denmark.",https://tekstnet.dk/books/brahe-t_letters/brahe-t_15981231002/,letters/brahe-t_15981231002.html
brahe-t_15990000001,1599-00-00,year,unmarked,letter,to,Ferdinando I de' Medici,Tycho Brahe,Florence,Latin,Latin,exile,"Dreyer, Tychonis Brahe Dani Opera Omnia (1913–29)",VIII,155,156,unmarked-only,1,A,yes,no,no,"Thanks Tycho for two volumes sent as a gift, praises the work, and expresses willingness to receive the remaining volumes when opportunity allows.",https://tekstnet.dk/books/brahe-t_letters/brahe-t_15990000001/,letters/brahe-t_15990000001.html
brahe-t_15990109001,1599-01-09,day,unmarked,letter,from,Tycho Brahe,Andreas Meier,Wittenberg,German,German,exile,"Dreyer, Tychonis Brahe Dani Opera Omnia (1913–29)",XIV,148,150,original,1,A,yes,no,no,"Informs Meier that his eldest daughter has borrowed two hundred thalers against interest, acknowledges the bond given in return, and reports delays in receiving funds from Denmark.",https://tekstnet.dk/books/brahe-t_letters/brahe-t_15990109001/,letters/brahe-t_15990109001.html
brahe-t_15990110001,1599-01-10,day,os,letter,from,Tycho Brahe,"Andreas Meyer, Mecklenburg rent",Wittenberg,German,German,exile,"Dreyer, Tychonis Brahe Dani Opera Omnia (1913–29)",XIV,149,150,original,1,A,yes,no,no,"A formal quittance acknowledging receipt of two hundred reichsthaler in advance interest from rent-master Andreas Meyer, signed and sealed at Wittenberg.",https://tekstnet.dk/books/brahe-t_letters/brahe-t_15990110001/,letters/brahe-t_15990110001.html
brahe-t_15990111001,1599-01-11,day,os,letter,from,Tycho Brahe,Christen Sørensen Longomontanus,Wittenberg,Latin,Latin,exile,Dänische Bibliothek (Copenhagen 1738–47),VIII,135,136,copies-only,1,A,yes,no,no,"Urges Longomontanus to travel to Wittenberg, offers travel funds, and proposes either the Imperial Mathematician post at Prague or an academic position at Wittenberg.",https://tekstnet.dk/books/brahe-t_letters/brahe-t_15990111001/,letters/brahe-t_15990111001.html
brahe-t_15990127001,1599-01-27,day,ns,letter,to,Rudolf Coraduz (Corraducius),Tycho Brahe,Prague,Latin,Latin / German,exile,"Dreyer, Tychonis Brahe Dani Opera Omnia (1913–29)",VIII,135,137,copies-only,1,A,yes,no,no,Transmits the Emperor's command summoning Tycho immediately to Prague and expresses personal eagerness to meet him in person.,https://tekstnet.dk/books/brahe-t_letters/brahe-t_15990127001/,letters/brahe-t_15990127001.html
brahe-t_15990128001,1599-01-28,day,unmarked,letter,to,Hartwig von Dassel,Tycho Brahe,Lüneburg,Latin,Latin / Greek,exile,"Dassel, Poematum libri IV, with the Epistolarum familiarium liber (1596)",VIII,133,141,none,0,A,yes,no,no,"Laments the moral corruption and religious disorder of the age, citing Virgil on irreversible decline, before the text breaks off; little substantive content beyond this preserved.",https://tekstnet.dk/books/brahe-t_letters/brahe-t_15990128001/,letters/brahe-t_15990128001.html
brahe-t_15990200001,1599-02-00,month,unmarked,letter,to,Johannes Kepler,Tycho Brahe,Graz,Latin,Latin,exile,"Hansch, Epistolae ad Ioannem Keplerum scriptae (Leipzig 1718)",VIII,140,214,none,0,A,yes,no,yes,"Explains the ten-month delay receiving Tycho's reply via Maestlin, acknowledges most excerpted words in his Ursus letters as his own, but sees no proven crime in their publication.",https://tekstnet.dk/books/brahe-t_letters/brahe-t_15990200001/,letters/brahe-t_15990200001.html
brahe-t_15990226001,1599-02-26,day,ns,letter,from,Tycho Brahe,Thaddaeus Hagecius,Wittenberg,Latin,Latin,exile,"Friis, Tychonis Brahei et ad eum doctorum virorum epistolae ab anno 1588 (1900–09)",VIII,144,147,unmarked-only,1,A,yes,no,yes,"Reports the imperial summons to Prague via Coraduz, explains delay due to deep snow and horses sold at Leipzig, and plans to depart within fourteen days.",https://tekstnet.dk/books/brahe-t_letters/brahe-t_15990226001/,letters/brahe-t_15990226001.html
brahe-t_15990302001,1599-03-02,day,os,letter,from,Tycho Brahe,Vitus Winshemius,Wittenberg,Latin,Latin,exile,"Dreyer, Tychonis Brahe Dani Opera Omnia (1913–29)",VIII,146,148,copies-only,1,A,yes,no,no,"Thanks Winsheim for letters, apologizes for delayed replies, and confirms his son has already informed him of the imperial summons to Prague via Coraduz.",https://tekstnet.dk/books/brahe-t_letters/brahe-t_15990302001/,letters/brahe-t_15990302001.html
brahe-t_15990307001,1599-03-07,day,os,letter,to,Holger Rosenkrantz,Tycho Brahe,,Latin,Latin,exile,"Friis, Tychonis Brahei et ad eum doctorum virorum epistolae ab anno 1588 (1900–09)",VIII,147,149,copies-only,1,A,yes,no,no,"Advises Tycho to surrender Hven to the King tactfully by letter, keeping his instruments, and not to seek restitution of expenses; text is heavily lacunose throughout.",https://tekstnet.dk/books/brahe-t_letters/brahe-t_15990307001/,letters/brahe-t_15990307001.html
brahe-t_15990320001,1599-03-20,day,os,letter,third,Patrick Gordon,Jon Jacobsen Venusinus,Helsingør,Latin,Latin,exile,"Dreyer, Tychonis Brahe Dani Opera Omnia (1913–29)",XIV,150,151,copies-only,1,A,yes,no,no,"Reports John Craig's disparagement of Tycho as arrogant, his grievance over Tycho's complaint to the King of Scotland, and his dismissal of Tycho's published letters against him.",https://tekstnet.dk/books/brahe-t_letters/brahe-t_15990320001/,letters/brahe-t_15990320001.html
brahe-t_15990321001,1599-03-21,day,os,letter,from,Tycho Brahe,Christen Sørensen Longomontanus,Wittenberg,Latin,Latin,exile,"Friis, Tychonis Brahei et ad eum doctorum virorum epistolae ab anno 1588 (1900–09)",VIII,147,151,copies-only,1,A,yes,no,no,"Encourages Longomontanus's refutation of the Scottish Capnurania and directs him to the second book on the 1577 comet, particularly the Noltius section, for parallax arguments.",https://tekstnet.dk/books/brahe-t_letters/brahe-t_15990321001/,letters/brahe-t_15990321001.html
brahe-t_15990417001,1599-04-17,day,os,letter,from,Tycho Brahe,Joseph Justus Scaliger,Wittenberg,Latin,Latin,exile,"Dreyer, Tychonis Brahe Dani Opera Omnia (1913–29)",VIII,150,153,copies-only,3,A,yes,no,yes,"Thanks Scaliger for two books sent as gifts and for excerpting, in his own hand, the key passages from Hipparchus and Ptolemy on the fixed stars.",https://tekstnet.dk/books/brahe-t_letters/brahe-t_15990417001/,letters/brahe-t_15990417001.html
brahe-t_15990501001,1599-05-01,day,os,letter,to,Jacques Bongars,Tycho Brahe,Frankfurt am Main,Latin,Latin,exile,"Dreyer, Tychonis Brahe Dani Opera Omnia (1913–29)",VIII,152,153,unmarked-only,1,A,yes,no,no,"Reports non-receipt of earlier letters and no contact with Tengnagel, asks Tycho to repeat what was entrusted, and directs future correspondence via a Prague bookseller.",https://tekstnet.dk/books/brahe-t_letters/brahe-t_15990501001/,letters/brahe-t_15990501001.html
brahe-t_15990507001,1599-05-07,day,os,letter,from,Tycho Brahe,Holger Rosenkrantz,Wittenberg,Latin,Latin,exile,"Dreyer, Tychonis Brahe Dani Opera Omnia (1913–29)",VIII,153,156,copies-only,1,A,yes,no,no,Acknowledges Rosenkrantz's letter on the vernal equinox and relays Vice-Chancellor Coraduz’s messages conveying the Emperor’s favour and the summons to Prague.,https://tekstnet.dk/books/brahe-t_letters/brahe-t_15990507001/,letters/brahe-t_15990507001.html
brahe-t_15990723001,1599-07-23,day,ns,letter,to,Johann Georg Herwart von Hohenburg,Tycho Brahe,Munich,Latin,Latin,exile,"Dreyer, Tychonis Brahe Dani Opera Omnia (1913–29)",VIII,156,158,mixed,2,A,yes,no,yes,"Congratulates Tycho on his imperial summons to Prague, expresses confidence the Emperor will retain him there, and offers assistance with Tycho's studies.",https://tekstnet.dk/books/brahe-t_letters/brahe-t_15990723001/,letters/brahe-t_15990723001.html
brahe-t_15990820001,1599-08-20,day,ns,letter,from,Tycho Brahe,Christen Sørensen Longomontanus,Brandýs nad Labem,Latin,Latin,exile,"Friis, Tychonis Brahei et ad eum doctorum virorum epistolae ab anno 1588 (1900–09)",VIII,158,259,copies-only,1,A,yes,no,no,"Reports Emperor Rudolf II's generous reception at Prague, his lodging in the Curtius house, and his preference to seek a more secluded residence outside the city.",https://tekstnet.dk/books/brahe-t_letters/brahe-t_15990820001/,letters/brahe-t_15990820001.html
brahe-t_15990831001,1599-08-31,day,ns,letter,from,Tycho Brahe,Johann Georg Herwart von Hohenburg,Benátky,Latin,Latin,exile,"Friis, Tychonis Brahei et ad eum doctorum virorum epistolae ab anno 1588 (1900–09)",VIII,158,163,copies-only,2,A,yes,no,yes,"Reports his establishment at Benátky castle under imperial patronage and plans to pursue astronomical and alchemical work there, with instruments being transferred from Magdeburg.",https://tekstnet.dk/books/brahe-t_letters/brahe-t_15990831001/,letters/brahe-t_15990831001.html
brahe-t_15990909001,1599-09-09,day,ns,letter,from,Tycho Brahe,Holger Rosenkrantz,Benátky,Latin,Latin,exile,"Friis, Tychonis Brahei et ad eum doctorum virorum epistolae ab anno 1588 (1900–09)",VIII,162,172,copies-only,1,A,yes,no,no,"Recounts the journey from Wittenberg to Bohemia, detailing delays caused by a daughter's illness, the completion of a book for the Emperor, and hospitality received en route.",https://tekstnet.dk/books/brahe-t_letters/brahe-t_15990909001/,letters/brahe-t_15990909001.html
brahe-t_15990917001,1599-09-17,day,ns,letter,to,Johann Georg Herwart von Hohenburg,Tycho Brahe,Munich,Latin,Latin,exile,"Friis, Tychonis Brahei et ad eum doctorum virorum epistolae ab anno 1588 (1900–09)",VIII,171,175,copies-only,1,A,yes,no,yes,"Acknowledges receipt of Tycho's lunar eclipse calculation, congratulates him on imperial patronage, and discusses whether the star of Mercury can eclipse Venus.",https://tekstnet.dk/books/brahe-t_letters/brahe-t_15990917001/,letters/brahe-t_15990917001.html
brahe-t_15990918001,1599-09-18,day,ns,letter,from,Tycho Brahe,Anders Sørensen Vedel,Benátky,Latin,Latin,exile,Tychonis Brahei relatio de statu suo,VIII,174,181,copies-only,1,A,yes,no,yes,"Narrates the circumstances of his departure from Denmark, recounting his warning to the King's Chancellor about the threatened fate of his observatory at Uraniborg.",https://tekstnet.dk/books/brahe-t_letters/brahe-t_15990918001/,letters/brahe-t_15990918001.html
brahe-t_15990920001,1599-09-20,day,os,letter,third,Henrik Ramel,Sophie Brahe,Helsingør,Danish,Danish,exile,"Dreyer, Tychonis Brahe Dani Opera Omnia (1913–29)",XIV,154,156,original,1,A,yes,no,no,"Informs Sophie Brahe that 300 dalers he had ready were paid out elsewhere due to her messenger's delay, and arranges for payment through Sten Maltesen instead.",https://tekstnet.dk/books/brahe-t_letters/brahe-t_15990920001/,letters/brahe-t_15990920001.html
brahe-t_15990922001,1599-09-22,day,unmarked,letter,from,Tycho Brahe,Christen Sørensen Longomontanus,Benátky,Latin,Latin,exile,"Friis, Tychonis Brahei et ad eum doctorum virorum epistolae ab anno 1588 (1900–09)",VIII,181,184,copies-only,1,A,yes,no,no,"Asks Longomontanus to accompany his son and Mule to Denmark to retrieve remaining instruments, reporting that imperial secretary Barvitius has written to Henrik Ramel to facilitate the transfer.",https://tekstnet.dk/books/brahe-t_letters/brahe-t_15990922001/,letters/brahe-t_15990922001.html
brahe-t_15990925001,1599-09-25,day,ns,letter,third,Magdalene Brahe,Mette Kotte,Benátky,Danish,Danish,exile,Danske Magazin,XIV,151,153,copies-only,2,A,yes,no,no,"Thanks Mette Mule for her letter received at Wittenberg, apologises for the delay in reply, and reports that brother Tyge and Claus Mule are travelling to Denmark.",https://tekstnet.dk/books/brahe-t_letters/brahe-t_15990925001/,letters/brahe-t_15990925001.html
brahe-t_15990926001,1599-09-26,day,ns,letter,from,Tycho Brahe,Daniel Cramer,Benátky,Latin,Latin,exile,"Friis, Tychonis Brahei et ad eum doctorum virorum epistolae ab anno 1588 (1900–09)",VIII,183,187,copies-only,1,A,yes,no,yes,"Refers Cramer to an enclosed copy of his letter to Holger Rosenkrantz for news of his situation, requesting confidentiality, and hints at a separate matter personally concerning Cramer.",https://tekstnet.dk/books/brahe-t_letters/brahe-t_15990926001/,letters/brahe-t_15990926001.html
brahe-t_15990929001,1599-09-29,day,ns,letter,from,Tycho Brahe,The Mayors and Council of Hamburg,Benátky,German,German,exile,"Dreyer, Tychonis Brahe Dani Opera Omnia (1913–29)",XIV,153,155,original,1,A,yes,no,no,"Informs the Hamburg city council of his imperial summons and generous reception at Rudolf II's court, noting the Emperor's awareness of instruments and goods left behind in Denmark.",https://tekstnet.dk/books/brahe-t_letters/brahe-t_15990929001/,letters/brahe-t_15990929001.html
brahe-t_15991008001,1599-10-08,day,os,letter,to,Vincent Moller,Tycho Brahe,Hamburg,Latin,Latin,exile,"Dreyer, Tychonis Brahe Dani Opera Omnia (1913–29)",XIV,155,156,original,1,A,yes,no,no,"Reports that imperial letters on Tycho's behalf have not yet been presented to Hamburg's Senate due to his people's carelessness, and promises to promote the matter once they are read.",https://tekstnet.dk/books/brahe-t_letters/brahe-t_15991008001/,letters/brahe-t_15991008001.html
brahe-t_15991024001,1599-10-24,day,unmarked,letter,to,Sophie Brahe,Tycho Brahe,Breitenburg,Danish,Danish,exile,"Dreyer, Tychonis Brahe Dani Opera Omnia (1913–29)",XIV,156,159,original,1,A,yes,no,no,"Reports accompanying her son Tage on his journey, describing travel through Haderslev and Lindved to Breitenburg, where Gert Rantzau is helping arrange his onward passage to Basel.",https://tekstnet.dk/books/brahe-t_letters/brahe-t_15991024001/,letters/brahe-t_15991024001.html
brahe-t_15991025001,1599-10-25,day,os,letter,to,Axel Brahe,Tycho Brahe,Copenhagen,Danish,Danish,exile,"Dreyer, Tychonis Brahe Dani Opera Omnia (1913–29)",XIV,159,160,original,1,A,yes,no,no,Expresses gladness at hearing of Tycho's favourable terms with the Emperor and pledges to help prevent any interference with the retrieval of his instruments if it arises.,https://tekstnet.dk/books/brahe-t_letters/brahe-t_15991025001/,letters/brahe-t_15991025001.html
brahe-t_15991029001,1599-10-29,day,os,letter,to,Eske Bille,Tycho Brahe,Copenhagen,Danish,Danish,exile,"Dreyer, Tychonis Brahe Dani Opera Omnia (1913–29)",XIV,159,163,original,1,A,yes,no,no,"Acknowledges Tycho's good standing with the Emperor (noted at the Herredag assembly), discusses 50 thaler owed to Longomontanus, and advises routing the instruments via Lübeck.",https://tekstnet.dk/books/brahe-t_letters/brahe-t_15991029001/,letters/brahe-t_15991029001.html
brahe-t_15991104001,1599-11-04,day,ns,letter,to,Giovanni Antonio Magini,Tycho Brahe,Bologna,Latin,Latin,exile,"Magini, Tabulae primi mobilis (Venice 1604)",VIII,189,191,unmarked-only,1,A,yes,no,yes,"Reports Tengnagel's Carnival visit delivering Tycho's letter and the Mechanica, explains why Tengnagel could not convey the secret commission, and accounts for the ensuing delay in replying.",https://tekstnet.dk/books/brahe-t_letters/brahe-t_15991104001/,letters/brahe-t_15991104001.html
brahe-t_15991116001,1599-11-16,day,ns,letter,from,Tycho Brahe,Johann Georg Herwart von Hohenburg,Jiřice,Latin,Latin,exile,"Friis, Tychonis Brahei et ad eum doctorum virorum epistolae ab anno 1588 (1900–09)",VIII,191,203,copies-only,2,A,yes,no,yes,"Acknowledges receipt of two letters and the Bavarian library catalogue, explaining his delayed reply by his busy correspondence while sending his eldest son to retrieve instruments from Magdeburg.",https://tekstnet.dk/books/brahe-t_letters/brahe-t_15991116001/,letters/brahe-t_15991116001.html
brahe-t_15991126001,1599-11-26,day,os,letter,to,Beate Bille,Tycho Brahe,,Danish,Danish,exile,"Dreyer, Tychonis Brahe Dani Opera Omnia (1913–29)",XIV,167,167,original,1,A,yes,no,no,"Brief maternal letter expressing gladness that Tycho has found settled circumstances, reporting her own good health, and commending him and his household to God.",https://tekstnet.dk/books/brahe-t_letters/brahe-t_15991126001/,letters/brahe-t_15991126001.html
brahe-t_15991203001,1599-12-03,day,os,letter,to,Axel Gyldenstierne,Tycho Brahe,Copenhagen,Danish,Danish,exile,"Dreyer, Tychonis Brahe Dani Opera Omnia (1913–29)",XIV,168,169,original,1,A,yes,no,no,"Thanks Tycho for his letter reporting good circumstances with the Emperor, and explains why he cannot promptly repay the money owed at the current Umschlag.",https://tekstnet.dk/books/brahe-t_letters/brahe-t_15991203001/,letters/brahe-t_15991203001.html
brahe-t_15991204001,1599-12-04,day,unmarked,letter,to,Niels Krag,Tycho Brahe,Copenhagen,Latin,Latin,exile,"Friis, Tychonis Brahei et ad eum doctorum virorum epistolae ab anno 1588 (1900–09)",VIII,210,215,copies-only,1,A,yes,no,no,"Explains his delay in replying after returning from the English Legation, and rebukes Tycho for carping at innocent friends through jest and play.",https://tekstnet.dk/books/brahe-t_letters/brahe-t_15991204001/,letters/brahe-t_15991204001.html
brahe-t_15991205001,1599-12-05,day,os,letter,to,Mikkel Vibe,Tycho Brahe,Copenhagen,Danish,Danish,exile,"Dreyer, Tychonis Brahe Dani Opera Omnia (1913–29)",XIV,170,170,original,1,A,yes,no,no,Reports arranging an open boat to transport Tycho's instruments from Hven to Lübeck after a large ship proved impractical due to their size.,https://tekstnet.dk/books/brahe-t_letters/brahe-t_15991205001/,letters/brahe-t_15991205001.html
brahe-t_15991209001,1599-12-09,day,ns,letter,from,Tycho Brahe,Johannes Kepler,Benátky,Latin,Latin,exile,"Dreyer, Tychonis Brahe Dani Opera Omnia (1913–29)",VIII,202,211,unmarked-only,1,A,yes,no,yes,"Apologizes for delayed reply, excuses Kepler regarding Ursus's insertion of his letter, and describes the disruption caused by relocating his affairs to Bohemia.",https://tekstnet.dk/books/brahe-t_letters/brahe-t_15991209001/,letters/brahe-t_15991209001.html
brahe-t_15991214001,1599-12-14,day,ns,letter,from,Tycho Brahe,Hugo Blotius,Jiřice,Latin,Latin,exile,"Dreyer, Tychonis Brahe Dani Opera Omnia (1913–29)",VIII,214,216,unmarked-only,1,A,yes,no,no,"Invokes their old Basel friendship and requests a catalogue of the Imperial Library in Vienna, especially its philosophical and mathematical holdings.",https://tekstnet.dk/books/brahe-t_letters/brahe-t_15991214001/,letters/brahe-t_15991214001.html
brahe-t_15991216001,1599-12-16,day,os,letter,to,Ludolf Riddershusen,Tycho Brahe,Bremen,Latin,Latin / German address,exile,"Dreyer, Tychonis Brahe Dani Opera Omnia (1913–29)",VIII,215,221,unmarked-only,1,A,yes,no,no,Thanks Tycho for past benefits and explains a year's silence caused by domestic troubles and a false rumour of his death circulating at Carnival.,https://tekstnet.dk/books/brahe-t_letters/brahe-t_15991216001/,letters/brahe-t_15991216001.html
brahe-t_15991219001,1599-12-19,day,os,letter,to,Christophorus Henniochus,Tycho Brahe,Rostock,Latin,Latin,exile,"Dreyer, Tychonis Brahe Dani Opera Omnia (1913–29)",VIII,220,222,unmarked-only,1,A,yes,no,no,"Congratulates Tycho on his imperial patronage and describes Jacob Kindler, a Silesian alchemist at Zittau practising a Paracelsian art of transmuting metals into stones.",https://tekstnet.dk/books/brahe-t_letters/brahe-t_15991219001/,letters/brahe-t_15991219001.html
brahe-t_15991231001,1599-12-31,day,ns,letter,from,Tycho Brahe,Johann Georg Herwart von Hohenburg,Jiřice,Latin,Latin,exile,"Dreyer, Tychonis Brahe Dani Opera Omnia (1913–29)",VIII,221,226,unmarked-only,1,A,yes,no,yes,Reports receiving Herwart's latest brief letter just before the winter solstice and thanks him for patience with delayed replies and continued friendship.,https://tekstnet.dk/books/brahe-t_letters/brahe-t_15991231001/,letters/brahe-t_15991231001.html
brahe-t_16000000001,1600-00-00,year,unmarked,act,from,Tycho Brahe,Sigfrid Rindschat,Benátky,Danish,Danish,exile,"Dreyer, Tychonis Brahe Dani Opera Omnia (1913–29)",XIV,204,207,draft-only,1,A,yes,no,no,"Acknowledges a letter brought by Kepler on his arrival with Baron Hoffmann, and mentions failed earlier correspondence sent from Wandsbek to Jutland.",https://tekstnet.dk/books/brahe-t_letters/brahe-t_16000000001/,letters/brahe-t_16000000001.html
brahe-t_16000000002,1600-00-00,year,unmarked,letter,from,Tycho Brahe,Simon von Petkum,Benátky,German,German / Latin,exile,"Dreyer, Tychonis Brahe Dani Opera Omnia (1913–29)",XIV,195,198,draft-only,1,A,yes,no,no,"Acknowledges letters received via Petkum, gives multiple postal routes for future correspondence, and relays thanks to Burgomaster Möller regarding the Emperor's letter to Hamburg.",https://tekstnet.dk/books/brahe-t_letters/brahe-t_16000000002/,letters/brahe-t_16000000002.html
brahe-t_16000000003,1600-00-00,year,ns,letter,from,Tycho Brahe,"Rudolf II, Holy Roman Emperor",Benátky,German,German / Latin,exile,"Dreyer, Tychonis Brahe Dani Opera Omnia (1913–29)",XIV,206,208,unmarked-only,1,A,yes,no,no,Petitions the Emperor to pay over a year's arrears of salary from Bohemian lordships on a quarterly schedule and remedy other outstanding deficiencies.,https://tekstnet.dk/books/brahe-t_letters/brahe-t_16000000003/,letters/brahe-t_16000000003.html
brahe-t_16000103001,1600-01-03,day,ns,letter,from,Tycho Brahe,Vincenzio Pinelli,Benátky,Latin,Latin,exile,"Dreyer, Tychonis Brahe Dani Opera Omnia (1913–29)",VIII,225,228,unmarked-only,1,A,yes,no,no,"Reports that Tengnagel twice failed to meet Pinelli in Padua — on the return, Galileo Galilei reported Pinelli had retired — and now writes directly.",https://tekstnet.dk/books/brahe-t_letters/brahe-t_16000103001/,letters/brahe-t_16000103001.html
brahe-t_16000103002,1600-01-03,day,ns,letter,from,Tycho Brahe,Giovanni Antonio Magini,Benátky,Latin,Latin,exile,"Magini, Tabulae primi mobilis (Venice 1604)",VIII,228,232,unmarked-only,1,A,yes,no,yes,"Acknowledges Magini's letters via Tengnagel, encloses a brief account of his departure from Denmark and added verses, and urges prompt completion of a promised task.",https://tekstnet.dk/books/brahe-t_letters/brahe-t_16000103002/,letters/brahe-t_16000103002.html
brahe-t_16000106001,1600-01-06,day,ns,letter,to,Daniel Fels,Tycho Brahe,Plzeň,Latin,Latin,exile,"Dreyer, Tychonis Brahe Dani Opera Omnia (1913–29)",VIII,231,233,unmarked-only,1,A,yes,no,no,"Confirms receipt of Tycho's Benátky design, reports it will be presented to Barvitius for the Emperor, and relays that Rudolf asks daily after Tycho.",https://tekstnet.dk/books/brahe-t_letters/brahe-t_16000106001/,letters/brahe-t_16000106001.html
brahe-t_16000107001,1600-01-07,day,ns,letter,from,Tycho Brahe,Bartholomaeus Scultetus,Benátky,Latin,Latin,exile,"Dreyer, Tychonis Brahe Dani Opera Omnia (1913–29)",VIII,233,236,unmarked-only,1,A,yes,no,no,Rebukes Scultetus for persistent failure to reply to letters and explains that the first volume of the Progymnasmata cannot yet be sent as printing is incomplete.,https://tekstnet.dk/books/brahe-t_letters/brahe-t_16000107001/,letters/brahe-t_16000107001.html
brahe-t_16000110001,1600-01-10,day,ns,letter,from,Tycho Brahe,Jacob Monau (Monavius),Benátky,Latin,Latin,exile,"Dreyer, Tychonis Brahe Dani Opera Omnia (1913–29)",VIII,235,237,unmarked-only,1,A,yes,no,no,"Returns Tobias Fischer's poem with minor corrections and asks Monau to share the revised version with Fischer, noting difficulty locating letters amid the move.",https://tekstnet.dk/books/brahe-t_letters/brahe-t_16000110001/,letters/brahe-t_16000110001.html
brahe-t_16000115001,1600-01-15,day,os,letter,to,Tage Ottesen Thott,Tycho Brahe,Heidelberg,Latin,Latin,exile,"Dreyer, Tychonis Brahe Dani Opera Omnia (1913–29)",XIV,169,171,original,1,A,yes,no,no,"Thanks his uncle Tycho for years of kindness, excuses tardy correspondence by preparations for a study-tour that began 13 December, and promises more regular letters.",https://tekstnet.dk/books/brahe-t_letters/brahe-t_16000115001/,letters/brahe-t_16000115001.html
brahe-t_16000117001,1600-01-17,day,ns,letter,from,Tycho Brahe,Martin Bachazek,Benátky,Latin,Latin,exile,"Dreyer, Tychonis Brahe Dani Opera Omnia (1913–29)",VIII,237,240,unmarked-only,1,A,yes,no,no,"Thanks Bachazek for hospitality to his countryman, acknowledges correction of an epigram misprint, and recommends a young Dane newly arrived at Benátky.",https://tekstnet.dk/books/brahe-t_letters/brahe-t_16000117001/,letters/brahe-t_16000117001.html
brahe-t_16000120001,1600-01-20,day,ns,letter,from,Tycho Brahe,Unnamed correspondents (Anonymus),Benátky,Latin,Latin,exile,"Dreyer, Tychonis Brahe Dani Opera Omnia (1913–29)",VIII,239,241,unmarked-only,1,A,yes,no,no,Responds to the Emperor's request for a yearly forecast on epidemic diseases by explaining his reservations about astrological prediction and its dependence on lower causes.,https://tekstnet.dk/books/brahe-t_letters/brahe-t_16000120001/,letters/brahe-t_16000120001.html
brahe-t_16000124001,1600-01-24,day,ns,letter,from,Tycho Brahe,Ferdinando I de' Medici,Benátky,Latin,Latin,exile,"Dreyer, Tychonis Brahe Dani Opera Omnia (1913–29)",VIII,241,244,unmarked-only,1,A,yes,no,no,Thanks the Grand Duke for his unsolicited letter and expresses pleasure that so eminent a prince takes an interest in astronomy.,https://tekstnet.dk/books/brahe-t_letters/brahe-t_16000124001/,letters/brahe-t_16000124001.html
brahe-t_16000126001,1600-01-26,day,ns,letter,from,Tycho Brahe,Johann Friedrich Hoffmann,Benátky,Latin,Latin,exile,"Dreyer, Tychonis Brahe Dani Opera Omnia (1913–29)",VIII,243,245,unmarked-only,1,A,yes,no,no,Congratulates Hoffmann on his safe return from Austria and expresses confidence in his benevolent support for astronomical studies.,https://tekstnet.dk/books/brahe-t_letters/brahe-t_16000126001/,letters/brahe-t_16000126001.html
brahe-t_16000126002,1600-01-26,day,ns,letter,from,Tycho Brahe,Johannes Kepler,Benátky,Latin,Latin,exile,"Dreyer, Tychonis Brahe Dani Opera Omnia (1913–29)",VIII,245,247,unmarked-only,1,A,yes,no,yes,"Reports receiving Kepler's letter and urges him to travel at once to Benátky, noting a previous reply was sent via Blotius in Vienna.",https://tekstnet.dk/books/brahe-t_letters/brahe-t_16000126002/,letters/brahe-t_16000126002.html
brahe-t_16000203001,1600-02-03,day,ns,letter,to,Johann Friedrich Hoffmann,Tycho Brahe,Prague,Latin,Latin,exile,"Dreyer, Tychonis Brahe Dani Opera Omnia (1913–29)",VIII,246,248,unmarked-only,1,A,yes,no,no,"Acknowledges Tycho's letter, accepts its excessive praise with humility, and commends the character and bearing of Franz Tengnagel.",https://tekstnet.dk/books/brahe-t_letters/brahe-t_16000203001/,letters/brahe-t_16000203001.html
brahe-t_16000212001,1600-02-12,day,unmarked,letter,to,Simon von Petkum,Tycho Brahe,Wandsbek,German,German,exile,"Dreyer, Tychonis Brahe Dani Opera Omnia (1913–29)",XIV,171,174,original,1,A,yes,no,no,Reports holding two letters from David Fabricius and describes a routing plan to forward them via Leipzig and Dresden.,https://tekstnet.dk/books/brahe-t_letters/brahe-t_16000212001/,letters/brahe-t_16000212001.html
brahe-t_16000217001,1600-02-17,day,ns,letter,from,Tycho Brahe,Tage Ottesen Thott,Benátky,Latin,Latin,exile,"Dreyer, Tychonis Brahe Dani Opera Omnia (1913–29)",XIV,170,172,draft-only,1,A,yes,no,no,"Responds to his nephew's letter, reports his son's return with instruments from Denmark, and plans to send a recommendation for Tage's stay in Basel.",https://tekstnet.dk/books/brahe-t_letters/brahe-t_16000217001/,letters/brahe-t_16000217001.html
brahe-t_16000302001,1600-03-02,day,os,letter,to,Wolfgang Franzius,Tycho Brahe,Wittenberg,Latin,Latin,exile,"Dreyer, Tychonis Brahe Dani Opera Omnia (1913–29)",VIII,263,265,unmarked-only,1,A,yes,no,yes,"Reports that the runaway Transylvanian has asked forgiveness, wishes Tycho good health after plague in Bohemia, and hopes theological disputes have subsided.",https://tekstnet.dk/books/brahe-t_letters/brahe-t_16000302001/,letters/brahe-t_16000302001.html
brahe-t_16000304001,1600-03-04,day,ns,letter,to,Giovanni Antonio Magini,Tycho Brahe,Bologna,Latin,Latin,exile,"Magini, Tabulae primi mobilis (Venice 1604)",VIII,249,254,unmarked-only,1,A,yes,no,yes,"Acknowledges a confidential commission, reports arranging the translation of some eight German letters into Latin, and discusses assistance from a Transylvanian student.",https://tekstnet.dk/books/brahe-t_letters/brahe-t_16000304001/,letters/brahe-t_16000304001.html
brahe-t_16000305001,1600-03-05,day,os,letter,to,Paulus Melissus,Tycho Brahe,Heidelberg,Latin,Latin,exile,"Dreyer, Tychonis Brahe Dani Opera Omnia (1913–29)",VIII,266,268,unmarked-only,1,A,yes,no,no,"Sends commendatory poems prompted by Taubmann and Brasch, reports learning of Tycho's difficulties with the Danish chancellor, and notes Tycho's kinsman is studying in Heidelberg.",https://tekstnet.dk/books/brahe-t_letters/brahe-t_16000305001/,letters/brahe-t_16000305001.html
brahe-t_16000306001,1600-03-06,day,ns,letter,from,Tycho Brahe,Johann Friedrich Hoffmann,Benátky,Latin,Latin,exile,"Dreyer, Tychonis Brahe Dani Opera Omnia (1913–29)",VIII,253,256,unmarked-only,1,A,yes,no,no,"Thanks Hoffmann for his courteous reception of Tengnagel and his son Tycho, and introduces Kepler by praising his mathematical genius.",https://tekstnet.dk/books/brahe-t_letters/brahe-t_16000306001/,letters/brahe-t_16000306001.html
brahe-t_16000306002,1600-03-06,day,ns,letter,from,Tycho Brahe,Unnamed correspondents (Anonymus),Benátky,Latin,Latin,exile,"Dreyer, Tychonis Brahe Dani Opera Omnia (1913–29)",VIII,255,257,unmarked-only,1,A,yes,no,no,"Sends Tengnagel to expedite business at the Cologne electoral court, describing his household background, travels in Italy, and command of Latin and French.",https://tekstnet.dk/books/brahe-t_letters/brahe-t_16000306002/,letters/brahe-t_16000306002.html
brahe-t_16000308001,1600-03-08,day,ns,letter,from,Tycho Brahe,Rudolf Coraduz (Corraducius),Benátky,Latin,Latin,exile,"Dreyer, Tychonis Brahe Dani Opera Omnia (1913–29)",VIII,256,259,unmarked-only,1,A,yes,no,no,Rejoices at Coraduz's safe return from Italy and recounts his own arrival in Bohemia in July upon the Emperor's summons.,https://tekstnet.dk/books/brahe-t_letters/brahe-t_16000308001/,letters/brahe-t_16000308001.html
brahe-t_16000308002,1600-03-08,day,ns,letter,from,Tycho Brahe,Unnamed correspondents (Anonymus),Benátky,Latin,Latin,exile,"Dreyer, Tychonis Brahe Dani Opera Omnia (1913–29)",VIII,258,259,unmarked-only,1,A,yes,no,no,"Apologizes for a delayed reply, attributing it to travel and lack of a reliable courier, and sends Tengnagel to petition the Elector of Cologne.",https://tekstnet.dk/books/brahe-t_letters/brahe-t_16000308002/,letters/brahe-t_16000308002.html
brahe-t_16000309001,1600-03-09,day,ns,letter,from,Tycho Brahe,Jacques Bongars,Benátky,Latin,Latin,exile,"Dreyer, Tychonis Brahe Dani Opera Omnia (1913–29)",VIII,259,260,unmarked-only,1,A,yes,no,no,"Notes a previous letter sent via cousin Claude Bille and commends Tengnagel, traveling to the Frankfurt fair before returning to his homeland in Westphalia.",https://tekstnet.dk/books/brahe-t_letters/brahe-t_16000309001/,letters/brahe-t_16000309001.html
brahe-t_16000309002,1600-03-09,day,ns,letter,from,Tycho Brahe,Unnamed correspondents (Anonymus),Benátky,Latin,Latin,exile,"Dreyer, Tychonis Brahe Dani Opera Omnia (1913–29)",VIII,260,261,unmarked-only,1,A,yes,no,no,"Sends Tengnagel on his journey home, requesting that the recipient support his renewed approach to the Elector of Cologne.",https://tekstnet.dk/books/brahe-t_letters/brahe-t_16000309002/,letters/brahe-t_16000309002.html
brahe-t_16000310001,1600-03-10,day,ns,letter,to,Joseph Justus Scaliger,Tycho Brahe,Leiden,Latin,Latin,exile,"Dreyer, Tychonis Brahe Dani Opera Omnia (1913–29)",VIII,260,264,copies-only,1,A,yes,no,yes,"Explains his failure to locate Tycho after Wittenberg, describes false reports that Tycho had settled in Silesia, and mentions Longomontanus as his informant.",https://tekstnet.dk/books/brahe-t_letters/brahe-t_16000310001/,letters/brahe-t_16000310001.html
brahe-t_16000314001,1600-03-14,day,ns,letter,to,Jacob Monau (Monavius),Tycho Brahe,Wrocław,Latin,Latin,exile,"Dreyer, Tychonis Brahe Dani Opera Omnia (1913–29)",VIII,264,267,unmarked-only,1,A,yes,no,no,"Apologizes for a delayed reply due to tertian fever and a printer's uncertainty about paper, expresses joy at Tycho's imperial establishment, and relays Fischer's thanks.",https://tekstnet.dk/books/brahe-t_letters/brahe-t_16000314001/,letters/brahe-t_16000314001.html
brahe-t_16000318001,1600-03-18,day,ns,letter,to,Tobias Fischer,Tycho Brahe,Świdnica,Latin,Latin,exile,"Dreyer, Tychonis Brahe Dani Opera Omnia (1913–29)",VIII,267,270,unmarked-only,1,A,yes,no,no,Expresses joy at learning through Monau that his unsolicited letter was well received and that Tycho has admitted him to his circle of friends.,https://tekstnet.dk/books/brahe-t_letters/brahe-t_16000318001/,letters/brahe-t_16000318001.html
brahe-t_16000321001,1600-03-21,day,ns,letter,from,Tycho Brahe,Sophie Brahe,Benátky,Danish,Danish,exile,"Dreyer, Tychonis Brahe Dani Opera Omnia (1913–29)",XIV,177,188,draft-only,1,A,yes,no,no,"Reports receiving the recipient's letter via son Tyge and notes that her son Tage, sent to Heidelberg for advancement, has written to say he fares well.",https://tekstnet.dk/books/brahe-t_letters/brahe-t_16000321001/,letters/brahe-t_16000321001.html
brahe-t_16000321002,1600-03-21,day,ns,letter,from,Tycho Brahe,Axel Gyldenstierne,Benátky,Danish,Danish,exile,"Dreyer, Tychonis Brahe Dani Opera Omnia (1913–29)",XIV,181,183,draft-only,1,A,yes,no,no,"Reports stable conditions in Bohemia, notes the Emperor has been absent from Prague for six months due to epidemic sickness, and hopes for improvement.",https://tekstnet.dk/books/brahe-t_letters/brahe-t_16000321002/,letters/brahe-t_16000321002.html
brahe-t_16000321003,1600-03-21,day,ns,letter,from,Tycho Brahe,Oluf Rosensparre,Benátky,Danish,Danish,exile,"Dreyer, Tychonis Brahe Dani Opera Omnia (1913–29)",XIV,183,184,draft-only,1,A,yes,no,no,Wishes the recipient's wife Elisabeth a recovery from her head ailment and reports on a severe pestilence and bloody flux that struck Bohemia the past year.,https://tekstnet.dk/books/brahe-t_letters/brahe-t_16000321003/,letters/brahe-t_16000321003.html
brahe-t_16000321004,1600-03-21,day,ns,letter,from,Tycho Brahe,Beate Bille,Benátky,Danish,Danish,exile,"Dreyer, Tychonis Brahe Dani Opera Omnia (1913–29)",XIV,174,176,draft-only,1,A,yes,no,no,"Thanks his mother for money given to son Tyge, who fashioned a gold bracelet from it to wear in her memory, and reports his situation in Bohemia.",https://tekstnet.dk/books/brahe-t_letters/brahe-t_16000321004/,letters/brahe-t_16000321004.html
brahe-t_16000321005,1600-03-21,day,ns,letter,from,Tycho Brahe,Steen Brahe,Benátky,Danish,Danish,exile,"Dreyer, Tychonis Brahe Dani Opera Omnia (1913–29)",XIV,175,177,draft-only,1,A,yes,no,no,Asks about plans for his nephew Otto — court service or further study — and requests that Otto write to him directly in Latin.,https://tekstnet.dk/books/brahe-t_letters/brahe-t_16000321005/,letters/brahe-t_16000321005.html
brahe-t_16000322001,1600-03-22,day,ns,letter,from,Tycho Brahe,Eske Bille,Benátky,Danish,Danish,exile,"Dreyer, Tychonis Brahe Dani Opera Omnia (1913–29)",XIV,184,189,draft-only,1,A,yes,no,no,"Reports stable conditions in Bohemia, notes the Emperor has been absent from Prague for six months due to epidemic sickness, and expects his return after Easter.",https://tekstnet.dk/books/brahe-t_letters/brahe-t_16000322001/,letters/brahe-t_16000322001.html
brahe-t_16000322002,1600-03-22,day,ns,letter,from,Tycho Brahe,Kirsten Lindenov,Benátky,Danish,Danish,exile,"Dreyer, Tychonis Brahe Dani Opera Omnia (1913–29)",XIV,189,191,draft-only,1,A,yes,no,no,"Reports that the recipient's son Claus has left for France to learn the language, as Italian and Spanish now predominate over French at the imperial court.",https://tekstnet.dk/books/brahe-t_letters/brahe-t_16000322002/,letters/brahe-t_16000322002.html
brahe-t_16000322003,1600-03-22,day,ns,letter,from,Tycho Brahe,Johann Tauchmann,Benátky,German,German,exile,"Dreyer, Tychonis Brahe Dani Opera Omnia (1913–29)",XIV,190,191,draft-only,1,A,yes,no,no,"Instructs that funds held for the Brandenburg mathematician Müller be used to cover messenger expenses, and asks whether letters have arrived from Lübeck, Hamburg, or Wittenberg.",https://tekstnet.dk/books/brahe-t_letters/brahe-t_16000322003/,letters/brahe-t_16000322003.html
brahe-t_16000323001,1600-03-23,day,ns,letter,from,Tycho Brahe,Peder Brahe,Benátky,Danish,Danish,exile,"Dreyer, Tychonis Brahe Dani Opera Omnia (1913–29)",XIV,191,192,draft-only,1,A,yes,no,no,"Apologizes for long silence, expresses condolences for the recipient's two lost sons, and requests that he write with news whenever a messenger passes.",https://tekstnet.dk/books/brahe-t_letters/brahe-t_16000323001/,letters/brahe-t_16000323001.html
brahe-t_16000324001,1600-03-24,day,ns,letter,to,Johannes Jessenius,Tycho Brahe,Plzeň,Latin,Latin,exile,"Dreyer, Tychonis Brahe Dani Opera Omnia (1913–29)",VIII,269,271,copies-only,1,A,yes,no,no,"Reports arrival in Pilsen to pursue his father's long legal case at court, noting that Tycho's name alone opens ready access to imperial councillors.",https://tekstnet.dk/books/brahe-t_letters/brahe-t_16000324001/,letters/brahe-t_16000324001.html
brahe-t_16000324002,1600-03-24,day,ns,letter,from,Tycho Brahe,Niels Krag,Benátky,Latin,Latin,exile,"Dreyer, Tychonis Brahe Dani Opera Omnia (1913–29)",VIII,271,278,unmarked-only,1,B,yes,no,no,"Acknowledges the recipient's reproach over long silence in correspondence, defends his familiar style of address toward friends, and thanks him for hospitality shown to his son.",https://tekstnet.dk/books/brahe-t_letters/brahe-t_16000324002/,letters/brahe-t_16000324002.html
brahe-t_16000327001,1600-03-27,day,ns,letter,from,Tycho Brahe,Melchior Jöstelius,Benátky,Latin,Latin,exile,"Dreyer, Tychonis Brahe Dani Opera Omnia (1913–29)",VIII,277,280,unmarked-only,1,A,yes,no,no,"Asks the recipient to send at least his completed work on the three superior planets' orbits under the triple hypotheses, for inclusion in the second Book of Letters.",https://tekstnet.dk/books/brahe-t_letters/brahe-t_16000327001/,letters/brahe-t_16000327001.html
brahe-t_16000327002,1600-03-27,day,ns,letter,from,Tycho Brahe,Wolfgang Franzius,Benátky,Latin,Latin,exile,"Dreyer, Tychonis Brahe Dani Opera Omnia (1913–29)",VIII,279,281,unmarked-only,1,A,yes,no,yes,"Reports that the epidemic has subsided and the Emperor lingers at Pilsen but is expected soon in Prague, and discusses an untrustworthy Transylvanian who had sought his letters.",https://tekstnet.dk/books/brahe-t_letters/brahe-t_16000327002/,letters/brahe-t_16000327002.html
brahe-t_16000328001,1600-03-28,day,ns,letter,from,Tycho Brahe,Johannes Jessenius,Benátky,Latin,Latin,exile,"Dreyer, Tychonis Brahe Dani Opera Omnia (1913–29)",VIII,280,282,unmarked-only,1,A,yes,no,no,"Asks the recipient to investigate the contents of a suppressed supplication by Ursus the Dithmarsian, which complained against him to imperial councillors but was ignominiously rejected.",https://tekstnet.dk/books/brahe-t_letters/brahe-t_16000328001/,letters/brahe-t_16000328001.html
brahe-t_16000328002,1600-03-28,day,ns,letter,from,Tycho Brahe,David Chytraeus,Benátky,Latin,Latin,exile,"Dreyer, Tychonis Brahe Dani Opera Omnia (1913–29)",VIII,282,286,unmarked-only,1,A,yes,no,no,"Returns a corrected sheet for inclusion in the recipient's annual histories, revising the account of being summoned to Bohemia and received by the Emperor.",https://tekstnet.dk/books/brahe-t_letters/brahe-t_16000328002/,letters/brahe-t_16000328002.html
brahe-t_16000329001,1600-03-29,day,ns,letter,from,Tycho Brahe,Unnamed correspondents (Anonymus),Benátky,Latin,Latin,exile,"Dreyer, Tychonis Brahe Dani Opera Omnia (1913–29)",VIII,285,288,unmarked-only,1,A,yes,no,no,Thanks an anonymous correspondent for congratulations on his imperial appointment and reflects on divine providence in securing a tranquil harbour after difficulties in his homeland.,https://tekstnet.dk/books/brahe-t_letters/brahe-t_16000329001/,letters/brahe-t_16000329001.html
brahe-t_16000329002,1600-03-29,day,ns,letter,from,Tycho Brahe,Unnamed correspondents (Anonymus),Benátky,Latin,Latin,exile,"Dreyer, Tychonis Brahe Dani Opera Omnia (1913–29)",VIII,287,289,unmarked-only,1,A,yes,no,no,"Excuses a Livonian correspondent's long silence, offers intercession at the imperial court on his behalf, and welcomes his son's future visit.",https://tekstnet.dk/books/brahe-t_letters/brahe-t_16000329002/,letters/brahe-t_16000329002.html
brahe-t_16000329003,1600-03-29,day,ns,letter,from,Tycho Brahe,Christophorus Henniochus,Benátky,Latin,Latin,exile,"Dreyer, Tychonis Brahe Dani Opera Omnia (1913–29)",VIII,288,289,unmarked-only,1,A,yes,no,no,"Promises to inquire about a Paracelsian chemist in Silesia through Hagecius, and asks the recipient to describe his chemical artifice for extracting something from Bohemian garnets.",https://tekstnet.dk/books/brahe-t_letters/brahe-t_16000329003/,letters/brahe-t_16000329003.html
brahe-t_16000329004,1600-03-29,day,ns,letter,from,Tycho Brahe,Martin Brasch,Benátky,Latin,Latin,exile,"Dreyer, Tychonis Brahe Dani Opera Omnia (1913–29)",VIII,289,291,unmarked-only,1,A,yes,no,no,"Thanks Brasch for congratulations on his imperial appointment and for an elegiac poem featuring Urania, then criticises the poem's polish as inferior to his earlier verse.",https://tekstnet.dk/books/brahe-t_letters/brahe-t_16000329004/,letters/brahe-t_16000329004.html
brahe-t_16000331001,1600-03-31,day,ns,letter,from,Tycho Brahe,Jacob Bording,Benátky,Latin,Latin,exile,"Dreyer, Tychonis Brahe Dani Opera Omnia (1913–29)",XIV,192,194,draft-only,1,A,yes,no,no,"Acknowledges Bording's report that Duke Ulrich received news of his imperial position graciously, and notes that subsequent letters from Bording and Henrik Ramel have not arrived.",https://tekstnet.dk/books/brahe-t_letters/brahe-t_16000331001/,letters/brahe-t_16000331001.html
brahe-t_16000400001,1600-04-00,month,ns,letter,to,Johannes Kepler,Tycho Brahe,Benátky,Latin,Latin,exile,"Dreyer, Tychonis Brahe Dani Opera Omnia (1913–29)",VIII,304,307,original,1,A,yes,no,yes,"Apologises for his recent intemperance during his stay at Benátky, recounting Tycho's liberal hospitality and shared observations, and expressing remorse for his conduct.",https://tekstnet.dk/books/brahe-t_letters/brahe-t_16000400001/,letters/brahe-t_16000400001.html
brahe-t_16000401001,1600-04-01,day,ns,letter,from,Tycho Brahe,Daniel Cramer,Benátky,Latin,Latin,exile,"Dreyer, Tychonis Brahe Dani Opera Omnia (1913–29)",VIII,290,292,unmarked-only,1,A,yes,no,yes,"Thanks Cramer for an ode to the Emperor and pledges to support his bid for the imperial laurel, noting the Emperor's absence from Prague due to plague in Bohemia.",https://tekstnet.dk/books/brahe-t_letters/brahe-t_16000401001/,letters/brahe-t_16000401001.html
brahe-t_16000403001,1600-04-03,day,ns,letter,to,Johann Georg Herwart von Hohenburg,Tycho Brahe,Munich,Latin,Latin,exile,"Dreyer, Tychonis Brahe Dani Opera Omnia (1913–29)",VIII,292,293,unmarked-only,1,A,yes,no,yes,"Sends Frankfurt spring fair book catalogues and several books, including works by Gemma Frisius, Camerarius, Peurbach emended by Orontius Finaeus, and the Tables of Queen Elizabeth of England.",https://tekstnet.dk/books/brahe-t_letters/brahe-t_16000403001/,letters/brahe-t_16000403001.html
brahe-t_16000404001,1600-04-04,day,ns,letter,from,Tycho Brahe,The Chapter of Magdeburg Cathedral,Benátky,Latin,Latin,exile,"Dreyer, Tychonis Brahe Dani Opera Omnia (1913–29)",XIV,194,195,draft-only,1,A,yes,no,no,"Requests the Chapter's assistance in transferring his astronomical instruments from Magdeburg to Bohemia via the Elbe, the Magdeburg Senate having twice refused the Emperor's letters on the matter.",https://tekstnet.dk/books/brahe-t_letters/brahe-t_16000404001/,letters/brahe-t_16000404001.html
brahe-t_16000405001,1600-04-05,day,ns,letter,from,Tycho Brahe,Georg Rollenhagen,Benátky,Latin,Latin,exile,"Dreyer, Tychonis Brahe Dani Opera Omnia (1913–29)",VIII,292,295,unmarked-only,1,A,yes,no,yes,"Reports having assisted a Hamburg citizen through court intermediaries at Rollenhagen's request, and says no further solicitation of the Senate is needed since the Emperor has intervened directly.",https://tekstnet.dk/books/brahe-t_letters/brahe-t_16000405001/,letters/brahe-t_16000405001.html
brahe-t_16000405002,1600-04-05,day,ns,letter,to,Johannes Kepler,Tycho Brahe,Benátky,German,German,exile,"Dreyer, Tychonis Brahe Dani Opera Omnia (1913–29)",VIII,295,296,unmarked-only,1,A,yes,no,yes,"Formally acknowledges his arrival at Benátky on 4 February 1600, Tycho's hospitality, and the sharing of observations and astronomical labours, committing to confidentiality regarding the material shared.",https://tekstnet.dk/books/brahe-t_letters/brahe-t_16000405002/,letters/brahe-t_16000405002.html
brahe-t_16000406001,1600-04-06,day,ns,letter,from,Tycho Brahe,Johann Friedrich Hoffmann,Benátky,Latin,Latin,exile,"Dreyer, Tychonis Brahe Dani Opera Omnia (1913–29)",VIII,296,297,unmarked-only,1,A,yes,no,no,"Reports that Kepler is departing for Prague before affairs concerning his appointment are concluded at Pilsen, and awaits the Emperor's response to his petitions before settling the matter.",https://tekstnet.dk/books/brahe-t_letters/brahe-t_16000406001/,letters/brahe-t_16000406001.html
brahe-t_16000408001,1600-04-08,day,ns,letter,from,Tycho Brahe,Johannes Jessenius,Benátky,Latin,Latin,exile,"Dreyer, Tychonis Brahe Dani Opera Omnia (1913–29)",VIII,297,299,copies-only,1,A,yes,no,no,Asks Jessenius to return documents held for Hoffmann and to forward Tengnagel's letters to Daniel so he can solicit Tycho's affairs with both Coraduz and Barvitius.,https://tekstnet.dk/books/brahe-t_letters/brahe-t_16000408001/,letters/brahe-t_16000408001.html
brahe-t_16000411001,1600-04-11,day,ns,letter,to,Johann Georg Herwart von Hohenburg,Tycho Brahe,Munich,Latin,Latin,exile,"Dreyer, Tychonis Brahe Dani Opera Omnia (1913–29)",VIII,299,300,unmarked-only,1,A,yes,no,yes,"Warns of postal negligence in Prague and asks Tycho to route future letters through Alexander Prandtl or Johann Menhard rather than the postmaster, to ensure reliable delivery.",https://tekstnet.dk/books/brahe-t_letters/brahe-t_16000411001/,letters/brahe-t_16000411001.html
brahe-t_16000414001,1600-04-14,day,ns,letter,from,Tycho Brahe,Cosimo Concini,Benátky,Latin,Latin,exile,"Dreyer, Tychonis Brahe Dani Opera Omnia (1913–29)",VIII,300,301,unmarked-only,1,A,yes,no,no,Thanks Concini for conveying the Grand Duke of Tuscany's letter and pledges to visit Prague once instrument installations at Benátky and pending observations are attended to.,https://tekstnet.dk/books/brahe-t_letters/brahe-t_16000414001/,letters/brahe-t_16000414001.html
brahe-t_16000414002,1600-04-14,day,ns,letter,from,Tycho Brahe,Raphael Ciaperenius,Benátky,Latin,Latin,exile,"Dreyer, Tychonis Brahe Dani Opera Omnia (1913–29)",VIII,301,302,unmarked-only,1,A,yes,no,no,"Thanks Ciaparenius for conveying letters from the Florentine Ambassador and for his kindness to Tengnagel and Tycho's son, and anticipates founding a personal friendship when visiting Prague.",https://tekstnet.dk/books/brahe-t_letters/brahe-t_16000414002/,letters/brahe-t_16000414002.html
brahe-t_16000417001,1600-04-17,day,ns,letter,from,Tycho Brahe,Susanne Hájek,Benátky,German,German,exile,"Dreyer, Tychonis Brahe Dani Opera Omnia (1913–29)",XIV,197,199,draft-only,1,A,yes,no,yes,"Promises to write to his Lübeck factor to pursue Susanne's debtor David Heidler on her behalf, and asks for news of her husband Dr. Thaddaeus Hájek's health.",https://tekstnet.dk/books/brahe-t_letters/brahe-t_16000417001/,letters/brahe-t_16000417001.html
brahe-t_16000418001,1600-04-18,day,ns,letter,to,Johann Georg Herwart von Hohenburg,Tycho Brahe,Munich,Latin,Latin,exile,"Dreyer, Tychonis Brahe Dani Opera Omnia (1913–29)",VIII,299,302,unmarked-only,1,A,yes,no,yes,"Sends several books Tycho requested, including the Prutenic Tables and Copernicus On Triangles, and reports manuscript exemplars of Hipparchus and Ptolemy's Great Syntaxis available for collation.",https://tekstnet.dk/books/brahe-t_letters/brahe-t_16000418001/,letters/brahe-t_16000418001.html
brahe-t_16000420001,1600-04-20,day,ns,letter,from,Tycho Brahe,Vitus Winshemius,Benátky,Latin,Latin,exile,"Dreyer, Tychonis Brahe Dani Opera Omnia (1913–29)",VIII,302,303,unmarked-only,1,A,yes,no,no,Thanks Winshemius for repeated correspondence and reports having interceded with Lord Barvitius through Tengnagel on behalf of a Hamburg citizen Winshemius had commended.,https://tekstnet.dk/books/brahe-t_letters/brahe-t_16000420001/,letters/brahe-t_16000420001.html
brahe-t_16000420002,1600-04-20,day,ns,letter,from,Tycho Brahe,Ludolf Riddershusen,Benátky,Latin,Latin,exile,"Dreyer, Tychonis Brahe Dani Opera Omnia (1913–29)",VIII,303,305,unmarked-only,1,A,yes,no,no,"Explains his methods for astrological Directions and the distribution of the Heaven, arguing they must be calculated to the Horizon of the native's birthplace rather than current residence.",https://tekstnet.dk/books/brahe-t_letters/brahe-t_16000420002/,letters/brahe-t_16000420002.html
brahe-t_16000422001,1600-04-22,day,ns,letter,from,Tycho Brahe,Christina von Halle,Benátky,German,German,exile,"Dreyer, Tychonis Brahe Dani Opera Omnia (1913–29)",XIV,197,201,draft-only,1,A,yes,no,no,"Reports that kinsman Eske Bille failed to redeem a Holstein bond on time but will settle at the next Umschlag, asking her to secure patience from Dincklage.",https://tekstnet.dk/books/brahe-t_letters/brahe-t_16000422001/,letters/brahe-t_16000422001.html
brahe-t_16000424001,1600-04-24,day,ns,letter,from,Tycho Brahe,Vincent Moller,Benátky,Latin,Latin,exile,"Dreyer, Tychonis Brahe Dani Opera Omnia (1913–29)",XIV,200,201,draft-only,1,A,yes,no,no,Congratulates Moller on his elevation to the Hamburg consulship and urges him to use his authority to intercede in releasing Tycho's instruments and goods held at Lübeck per the Emperor's wishes.,https://tekstnet.dk/books/brahe-t_letters/brahe-t_16000424001/,letters/brahe-t_16000424001.html
brahe-t_16000426002,1600-04-26,day,ns,letter,to,Johann Georg Herwart von Hohenburg,Tycho Brahe,Munich,Latin,Latin,exile,"Dreyer, Tychonis Brahe Dani Opera Omnia (1913–29)",VIII,304,305,unmarked-only,1,A,yes,no,yes,Sends two books by François Viète and reports plans to travel to Augsburg to seek out posthumous manuscript works of Cyprian Leovitius and transmit them to Tycho.,https://tekstnet.dk/books/brahe-t_letters/brahe-t_16000426002/,letters/brahe-t_16000426002.html
brahe-t_16000501001,1600-05-01,day,os,letter,to,Jacques Bongars,Tycho Brahe,Frankfurt am Main,Latin,Latin,exile,"Dreyer, Tychonis Brahe Dani Opera Omnia (1913–29)",VIII,317,318,unmarked-only,1,A,yes,no,no,Reports not receiving Tycho's earlier letters or meeting Tengnagel; asks Tycho to repeat their contents; offers assistance and provides a safe Prague address for future correspondence.,https://tekstnet.dk/books/brahe-t_letters/brahe-t_16000501001/,letters/brahe-t_16000501001.html
brahe-t_16000502001,1600-05-02,day,ns,letter,from,Tycho Brahe,"Matthias, Archduke of Austria",Benátky,Latin,Latin,exile,"Dreyer, Tychonis Brahe Dani Opera Omnia (1913–29)",VIII,306,309,copies-only,1,A,yes,no,no,"Addresses Archduke Matthias, citing his reputed esteem for mathematics, and recalls tokens of favour shown during the Archduke's earlier passage through Denmark.",https://tekstnet.dk/books/brahe-t_letters/brahe-t_16000502001/,letters/brahe-t_16000502001.html
brahe-t_16000504001,1600-05-04,day,ns,letter,from,Tycho Brahe,Cosimo Concini,Benátky,Latin,Latin,exile,"Dreyer, Tychonis Brahe Dani Opera Omnia (1913–29)",VIII,308,310,copies-only,1,A,yes,no,no,"Responds to Concini's condition regarding the Catholic religion for his son's entry into the Tuscan court, promising the young man will cause no religious offence to anyone.",https://tekstnet.dk/books/brahe-t_letters/brahe-t_16000504001/,letters/brahe-t_16000504001.html
brahe-t_16000504002,1600-05-04,day,ns,letter,from,Tycho Brahe,Galileo Galilei,Benátky,Latin,Latin,exile,"Dreyer, Tychonis Brahe Dani Opera Omnia (1913–29)",VIII,310,312,unmarked-only,1,A,yes,no,no,"Initiates correspondence with Galileo after hearing praise of his mathematical abilities from the Tuscan ambassador Concini during a meeting in Prague, seeking to establish a scholarly friendship.",https://tekstnet.dk/books/brahe-t_letters/brahe-t_16000504002/,letters/brahe-t_16000504002.html
brahe-t_16000504003,1600-05-04,day,ns,letter,to,Johann Georg Herwart von Hohenburg,Tycho Brahe,Munich,Latin,Latin,exile,"Dreyer, Tychonis Brahe Dani Opera Omnia (1913–29)",VIII,311,313,unmarked-only,1,A,yes,no,yes,"Acknowledges receipt of Tycho's April letter, expresses relief that none of their letters have been lost, and anticipates receiving Tycho's revised lunar hypothesis.",https://tekstnet.dk/books/brahe-t_letters/brahe-t_16000504003/,letters/brahe-t_16000504003.html
brahe-t_16000506001,1600-05-06,day,ns,letter,from,Tycho Brahe,"Christian II, Elector of Saxony",Benátky,Latin,Latin,exile,"Dreyer, Tychonis Brahe Dani Opera Omnia (1913–29)",VIII,310,314,unmarked-only,1,A,yes,no,no,"Thanks Christian II for past kindnesses including a gold chain and an invitation at Torgau, and presents him with a star-table inscribed on parchment, sent via Jessenius.",https://tekstnet.dk/books/brahe-t_letters/brahe-t_16000506001/,letters/brahe-t_16000506001.html
brahe-t_16000506002,1600-05-06,day,ns,letter,from,Tycho Brahe,Rudolf Coraduz (Corraducius),Benátky,Latin,Latin,exile,"Dreyer, Tychonis Brahe Dani Opera Omnia (1913–29)",VIII,313,315,unmarked-only,1,A,yes,no,no,Reports a failed attempt to meet Coraduz in Prague and presses for confirmation of imperial grants promised through Tengnagel's intercession before his departure.,https://tekstnet.dk/books/brahe-t_letters/brahe-t_16000506002/,letters/brahe-t_16000506002.html
brahe-t_16000507001,1600-05-07,day,ns,letter,from,Tycho Brahe,Johann Anton Barvitius,Benátky,Latin,Latin,exile,"Dreyer, Tychonis Brahe Dani Opera Omnia (1913–29)",VIII,314,316,unmarked-only,1,A,yes,no,no,"Presses Barvitius to resolve pending matters at the imperial court, having waited fruitlessly in Prague for an audience, and sends a servant to facilitate proceedings.",https://tekstnet.dk/books/brahe-t_letters/brahe-t_16000507001/,letters/brahe-t_16000507001.html
brahe-t_16000507002,1600-05-07,day,ns,letter,from,Tycho Brahe,Johannes Jessenius,Benátky,Latin,Latin,exile,"Dreyer, Tychonis Brahe Dani Opera Omnia (1913–29)",VIII,315,317,unmarked-only,1,A,yes,no,no,"Sends Jessenius a globe for the Elector of Saxony and a star-table inscribed on parchment, requesting that he deliver both to the Elector on Tycho's behalf.",https://tekstnet.dk/books/brahe-t_letters/brahe-t_16000507002/,letters/brahe-t_16000507002.html
brahe-t_16000507003,1600-05-07,day,ns,letter,from,Tycho Brahe,Ehrenfried Freiherr von Minckwitz,Benátky,German,German / Latin,exile,"Dreyer, Tychonis Brahe Dani Opera Omnia (1913–29)",XIV,201,202,draft-only,1,A,yes,no,no,Reports Carl von Wartenberg's visit and requests to know which Pentecost day Wartenberg has proposed for their joint meeting so Tycho can prepare for the journey.,https://tekstnet.dk/books/brahe-t_letters/brahe-t_16000507003/,letters/brahe-t_16000507003.html
brahe-t_16000508001,1600-05-08,day,ns,letter,from,Tycho Brahe,Georg von Wolframsdorf,Benátky,German,German,exile,"Dreyer, Tychonis Brahe Dani Opera Omnia (1913–29)",VIII,316,318,unmarked-only,1,A,yes,no,yes,"Reports his prosperous condition in Bohemia under imperial protection and offers assistance at the imperial court, directing Wolframsdorf to Jessenius for fuller particulars.",https://tekstnet.dk/books/brahe-t_letters/brahe-t_16000508001/,letters/brahe-t_16000508001.html
brahe-t_16000511001,1600-05-11,day,unmarked,letter,to,Johannes Isacius Pontanus,Tycho Brahe,Herborn,Latin,Latin,exile,"Dreyer, Tychonis Brahe Dani Opera Omnia (1913–29)",XIV,203,204,draft-only,1,A,yes,no,no,"Reports long-frustrated attempts to reach Tycho by letter from Rostock and later Germany, and expresses joy on learning of his arrival in Prague under imperial patronage.",https://tekstnet.dk/books/brahe-t_letters/brahe-t_16000511001/,letters/brahe-t_16000511001.html
brahe-t_16000512001,1600-05-12,day,unmarked,letter,to,Erik Brahe,Tycho Brahe,Herborn,Latin,Latin,exile,"Dreyer, Tychonis Brahe Dani Opera Omnia (1913–29)",XIV,203,205,original,1,A,yes,no,no,"Thanks Tycho for benefits received, especially for influencing his father's decision to invest in serious study, and pledges lasting gratitude and diligence in return.",https://tekstnet.dk/books/brahe-t_letters/brahe-t_16000512001/,letters/brahe-t_16000512001.html
brahe-t_16000515001,1600-05-15,day,ns,letter,from,Tycho Brahe,Unnamed correspondents (Anonymus),Benátky,Latin,Latin,exile,"Dreyer, Tychonis Brahe Dani Opera Omnia (1913–29)",VIII,318,319,unmarked-only,1,A,yes,no,no,Asks an anonymous imperial patron to help a young Danish nobleman of the Rosenkrantz family obtain a military position at the court of Archduke Matthias.,https://tekstnet.dk/books/brahe-t_letters/brahe-t_16000515001/,letters/brahe-t_16000515001.html
brahe-t_16000515002,1600-05-15,day,ns,letter,from,Tycho Brahe,Gottfried von Berbistorf,Benátky,German,German,exile,"Dreyer, Tychonis Brahe Dani Opera Omnia (1913–29)",XIV,202,203,draft-only,1,A,yes,no,no,"Declines a Whitsun invitation from Berbisdorf, explaining a prior commitment to visit Carl von Wartenberg and Ehrenfried von Minckwitz during the same period.",https://tekstnet.dk/books/brahe-t_letters/brahe-t_16000515002/,letters/brahe-t_16000515002.html
brahe-t_16000516001,1600-05-16,day,ns,letter,from,Tycho Brahe,Jacob Monau (Monavius),Benátky,Latin,Latin,exile,"Dreyer, Tychonis Brahe Dani Opera Omnia (1913–29)",VIII,319,321,unmarked-only,1,A,yes,no,no,"Discusses printing arrangements for his works, noting Wittenberg or Leipzig as cheaper alternatives to the current printer's excessive price, and briefly acknowledges letters from Fischer and Scultetus.",https://tekstnet.dk/books/brahe-t_letters/brahe-t_16000516001/,letters/brahe-t_16000516001.html
brahe-t_16000516002,1600-05-16,day,ns,letter,from,Tycho Brahe,Tobias Fischer,Benátky,Latin,Latin,exile,"Dreyer, Tychonis Brahe Dani Opera Omnia (1913–29)",VIII,320,323,unmarked-only,1,A,yes,no,no,"Apologizes for delayed replies to two letters and enclosed poems, attributing the silence to occupations and changes of place, and thanks Fischer for his sincere affection.",https://tekstnet.dk/books/brahe-t_letters/brahe-t_16000516002/,letters/brahe-t_16000516002.html
brahe-t_16000516003,1600-05-16,day,ns,letter,from,Tycho Brahe,Daniel Bucretius,Benátky,Latin,Latin,exile,"Dreyer, Tychonis Brahe Dani Opera Omnia (1913–29)",VIII,322,324,unmarked-only,1,A,yes,no,no,Invokes their old Uraniborg acquaintance and asks Bucretius to help locate a Breslau figure known to have been devoted to astronomy or judicial astrology.,https://tekstnet.dk/books/brahe-t_letters/brahe-t_16000516003/,letters/brahe-t_16000516003.html
brahe-t_16000600001,1600-06-00,month,unmarked,act,from,Tycho Brahe,Johannes Kepler,Benátky,Latin,Latin,exile,"Dreyer, Tychonis Brahe Dani Opera Omnia (1913–29)",VIII,323,325,unmarked-only,2,A,yes,no,yes,Certifies that Kepler spent four months (February–May 1600) at Benátky working diligently on astronomical exercises with Tycho's instruments and observations.,https://tekstnet.dk/books/brahe-t_letters/brahe-t_16000600001/,letters/brahe-t_16000600001.html
brahe-t_16000614001,1600-06-14,day,ns,letter,to,Jacob Monau (Monavius),Tycho Brahe,Wrocław,Latin,Latin,exile,"Dreyer, Tychonis Brahe Dani Opera Omnia (1913–29)",VIII,310,326,unmarked-only,1,A,yes,no,no,"Confirms receipt of Tycho's May letter, concedes that cheaper printing is available elsewhere than Breslau, and relays greetings from Bucretius.",https://tekstnet.dk/books/brahe-t_letters/brahe-t_16000614001/,letters/brahe-t_16000614001.html
brahe-t_16000619001,1600-06-19,day,os,letter,to,Georg Rollenhagen,Tycho Brahe,Magdeburg,Latin,Latin / German,exile,"Dreyer, Tychonis Brahe Dani Opera Omnia (1913–29)",VIII,326,327,unmarked-only,1,A,yes,no,yes,"Reports that the Magdeburg canons are ready to purchase Tycho's astronomical equipment and that two boatmen offer to ship it to Leitmeritz, pressing for a reply.",https://tekstnet.dk/books/brahe-t_letters/brahe-t_16000619001/,letters/brahe-t_16000619001.html
brahe-t_16000723001,1600-07-23,day,ns,letter,from,Tycho Brahe,Joseph Justus Scaliger,Prague,Latin,Latin,exile,"Dreyer, Tychonis Brahe Dani Opera Omnia (1913–29)",VIII,327,330,copies-only,1,A,yes,no,yes,"Thanks Scaliger for his March letter, reports being summoned to Prague by Emperor Rudolf II, and mentions a chance meeting with Nicolaus Suckerback of Meissen, newly arrived from Italy.",https://tekstnet.dk/books/brahe-t_letters/brahe-t_16000723001/,letters/brahe-t_16000723001.html
brahe-t_16000726001,1600-07-26,day,ns,letter,from,Tycho Brahe,An unnamed lady,Prague,German,German,exile,no printed source stated by the edition,,207,208,draft-only,1,B,no,no,no,"Thanks the recipient for an ox procured on his behalf, acknowledges property arrangements in their charge, and promises to send someone to inspect around St. Bartholomew's.",https://tekstnet.dk/books/brahe-t_letters/brahe-t_16000726001/,letters/brahe-t_16000726001.html
brahe-t_16000727001,1600-07-27,day,ns,letter,to,"Zbyněk Berka z Dubé, Archbishop of Prague",Tycho Brahe,Prague,Latin,Latin,exile,"Dreyer, Tychonis Brahe Dani Opera Omnia (1913–29)",XIV,208,209,draft-only,1,A,yes,no,no,"Reports that the printer of Ursus's unauthorized writing is unknown, promises investigation and punishment, and advises Tycho to press the Lord Court-Marshal, under whose jurisdiction Ursus falls.",https://tekstnet.dk/books/brahe-t_letters/brahe-t_16000727001/,letters/brahe-t_16000727001.html
brahe-t_16000802001,1600-08-02,day,ns,letter,to,Ottavio Caurian,Tycho Brahe,Prague,German,German,exile,"Dreyer, Tychonis Brahe Dani Opera Omnia (1913–29)",VIII,329,330,copies-only,1,A,yes,no,no,Certifies that Friedrich Rosenkrantz has been promised a place among Archduke Matthias's attendants and is currently serving under Colonel Kollonitsch before Pápa.,https://tekstnet.dk/books/brahe-t_letters/brahe-t_16000802001/,letters/brahe-t_16000802001.html
brahe-t_16000803001,1600-08-03,day,ns,letter,from,Tycho Brahe,Holger Rosenkrantz,Benátky,Latin,Latin,exile,"Dreyer, Tychonis Brahe Dani Opera Omnia (1913–29)",VIII,329,335,copies-only,1,A,yes,no,no,"Thanks Holger for his long-awaited letter, acknowledges his reports of Tycho's standing with Emperor Rudolf II, and notes that affairs remain unchanged pending the Emperor's return.",https://tekstnet.dk/books/brahe-t_letters/brahe-t_16000803001/,letters/brahe-t_16000803001.html
brahe-t_16000804001,1600-08-04,day,ns,act,from,Tycho Brahe,Christen Sørensen Longomontanus,Prague,Latin,Latin,exile,"Dreyer, Tychonis Brahe Dani Opera Omnia (1913–29)",VIII,334,335,unmarked-only,1,A,yes,no,no,"Certifies that Longomontanus served eight years as his astronomical assistant in Denmark, then in Germany and Bohemia, and is now freely dismissed to return home.",https://tekstnet.dk/books/brahe-t_letters/brahe-t_16000804001/,letters/brahe-t_16000804001.html
brahe-t_16000806001,1600-08-06,day,os,letter,to,Johannes Oswaldus,Tycho Brahe,Wittenberg,Latin,Latin,exile,"Dreyer, Tychonis Brahe Dani Opera Omnia (1913–29)",VIII,335,336,unmarked-only,1,A,yes,no,no,"Acknowledges payment for a solar and lunar ephemeris sent in March, explains an omission in his earlier letter, and proposes to serve Tycho astronomically from Wittenberg.",https://tekstnet.dk/books/brahe-t_letters/brahe-t_16000806001/,letters/brahe-t_16000806001.html
brahe-t_16000808001,1600-08-08,day,unmarked,letter,to,Nicolaus Braschius,Tycho Brahe,Rostock,Latin,Latin,exile,"Dreyer, Tychonis Brahe Dani Opera Omnia (1913–29)",VIII,336,339,unmarked-only,1,A,yes,no,no,"Accepts Tycho's criticism of an elegiac poem written in his honour, acknowledging that it lacked the usual finish and polish.",https://tekstnet.dk/books/brahe-t_letters/brahe-t_16000808001/,letters/brahe-t_16000808001.html
brahe-t_16000813001,1600-08-13,day,unmarked,letter,to,Vitus Winshemius,Tycho Brahe,Hamburg,Latin,Latin,exile,"Dreyer, Tychonis Brahe Dani Opera Omnia (1913–29)",VIII,338,340,unmarked-only,1,A,yes,no,no,"Explains a three-week absence at a Dithmarsian juridical assembly summoned by the Danish king, thanks God for Tycho's health, and pledges assistance regarding Prince Otto of Brunswick.",https://tekstnet.dk/books/brahe-t_letters/brahe-t_16000813001/,letters/brahe-t_16000813001.html
brahe-t_16000828001,1600-08-28,day,ns,letter,from,Tycho Brahe,Johannes Kepler,Prague,Latin,Latin,exile,"Dreyer, Tychonis Brahe Dani Opera Omnia (1913–29)",VIII,339,344,unmarked-only,1,A,yes,no,yes,"Explains the delay in reply, reports being summoned from Benátky to Prague for a private audience with Emperor Rudolf II, and begins narrating what has since transpired.",https://tekstnet.dk/books/brahe-t_letters/brahe-t_16000828001/,letters/brahe-t_16000828001.html
brahe-t_16000828002,1600-08-28,day,ns,letter,from,Tycho Brahe,Johann Georg Herwart von Hohenburg,Prague,Latin,Latin,exile,"Dreyer, Tychonis Brahe Dani Opera Omnia (1913–29)",VIII,343,353,unmarked-only,1,A,yes,no,yes,"Apologizes for infrequent replies to Herwart's many letters, explains the delay by work on the restitution of the lunar hypothesis, and promises to address Herwart's doubts.",https://tekstnet.dk/books/brahe-t_letters/brahe-t_16000828002/,letters/brahe-t_16000828002.html
brahe-t_16000908001,1600-09-08,day,ns,letter,to,Johann Georg Herwart von Hohenburg,Tycho Brahe,Augsburg,Latin,Latin,exile,"Dreyer, Tychonis Brahe Dani Opera Omnia (1913–29)",VIII,343,354,unmarked-only,1,A,yes,no,yes,"Recounts earlier failed efforts to obtain a laudatory poem from Philipp Menzel in Tycho's honour, and announces that he has now succeeded in procuring one, sent herewith.",https://tekstnet.dk/books/brahe-t_letters/brahe-t_16000908001/,letters/brahe-t_16000908001.html
brahe-t_16000911001,1600-09-11,day,ns,letter,to,Johann Georg Herwart von Hohenburg,Tycho Brahe,Munich,Latin,Latin,exile,"Dreyer, Tychonis Brahe Dani Opera Omnia (1913–29)",VIII,353,357,unmarked-only,1,A,yes,no,yes,"Reports delivering the *Mechanica* to Philipp Eduard Fugger at Augsburg and transmits Kepler's earlier letter on Tycho's hypotheses, noting that Ursus, who arrogated them, is now dead.",https://tekstnet.dk/books/brahe-t_letters/brahe-t_16000911001/,letters/brahe-t_16000911001.html
brahe-t_16000915001,1600-09-15,day,ns,letter,from,Tycho Brahe,Martin Brasch,Prague,Latin,Latin,exile,"Dreyer, Tychonis Brahe Dani Opera Omnia (1913–29)",VIII,356,360,unmarked-only,1,A,yes,no,no,"Replies hastily about revisions to Brasch's Elegiac poem and reports being summoned from Benátky to Prague by the Emperor, who desires him to remain there permanently.",https://tekstnet.dk/books/brahe-t_letters/brahe-t_16000915001/,letters/brahe-t_16000915001.html
brahe-t_16000916001,1600-09-16,day,ns,letter,from,Tycho Brahe,Jacob Bording,Prague,Latin,Latin,exile,"Dreyer, Tychonis Brahe Dani Opera Omnia (1913–29)",XIV,209,211,unmarked-only,1,A,yes,no,no,Presses Bording for a third time to procure the money owed by the princes' treasurer and have it sent to Prague in gold or silver coin.,https://tekstnet.dk/books/brahe-t_letters/brahe-t_16000916001/,letters/brahe-t_16000916001.html
brahe-t_16000916002,1600-09-16,day,ns,letter,from,Tycho Brahe,Lucas Bacmeister,Prague,Latin,Latin,exile,"Dreyer, Tychonis Brahe Dani Opera Omnia (1913–29)",VIII,360,363,unmarked-only,1,A,yes,no,no,"Repeats his request that certain matters be inserted in the late David Chytraeus's annual chronicle, which he expects a Rostock professor to continue through year's end.",https://tekstnet.dk/books/brahe-t_letters/brahe-t_16000916002/,letters/brahe-t_16000916002.html
brahe-t_16000918001,1600-09-18,day,ns,letter,from,Tycho Brahe,Melchior Jöstelius,Prague,Latin,Latin,exile,"Dreyer, Tychonis Brahe Dani Opera Omnia (1913–29)",VIII,362,364,unmarked-only,1,A,yes,no,no,"Presses Jöstel to send the collation of the Hypotheses with assigned diagrams and adequate explanation, and asks what the printer and Master Oswald will undertake.",https://tekstnet.dk/books/brahe-t_letters/brahe-t_16000918001/,letters/brahe-t_16000918001.html
brahe-t_16000919001,1600-09-19,day,os,letter,to,Jacob Bording,Tycho Brahe,Güstrow,Latin,Latin,exile,"Dreyer, Tychonis Brahe Dani Opera Omnia (1913–29)",XIV,211,213,original,1,A,yes,no,no,"Excuses his delayed replies and reports dispatching the six hundred thalers owed to Tycho to Backmeister at Rostock, though the treasurer declined to pay in gold coin.",https://tekstnet.dk/books/brahe-t_letters/brahe-t_16000919001/,letters/brahe-t_16000919001.html
brahe-t_16000919002,1600-09-19,day,os,letter,to,Lucas Bacmeister,Tycho Brahe,Rostock,Latin,Latin,exile,"Dreyer, Tychonis Brahe Dani Opera Omnia (1913–29)",VIII,376,379,unmarked-only,1,A,yes,no,no,"Acknowledges two letters about Tycho's money owed, reports advising Bording to act on the matter, and mentions the death of Duke Sigismund August of Mecklenburg.",https://tekstnet.dk/books/brahe-t_letters/brahe-t_16000919002/,letters/brahe-t_16000919002.html
brahe-t_16000920001,1600-09-20,day,ns,letter,from,Tycho Brahe,Friedrich Taubmann,Prague,Latin,Latin,exile,"Dreyer, Tychonis Brahe Dani Opera Omnia (1913–29)",VIII,334,365,unmarked-only,1,C,no,no,no,"Chides Taubmann in verse for silence and owed poems, encloses verses by Melissus and a heroic poem from an Ingolstadt doctor received via Herwart von Hohenburg.",https://tekstnet.dk/books/brahe-t_letters/brahe-t_16000920001/,letters/brahe-t_16000920001.html
brahe-t_16000920002,1600-09-20,day,os,letter,to,Martin Brasch,Tycho Brahe,Rostock,Latin,Latin,exile,"Dreyer, Tychonis Brahe Dani Opera Omnia (1913–29)",VIII,378,380,unmarked-only,1,A,yes,no,no,"Agrees that Melissus's recent poems lack their usual polish, defers to Tycho on publication of the Elegy, and reports efforts with Chytraeus's sons about Tycho's chronicle entry.",https://tekstnet.dk/books/brahe-t_letters/brahe-t_16000920002/,letters/brahe-t_16000920002.html
brahe-t_16000923001,1600-09-23,day,ns,letter,to,Johann Georg Herwart von Hohenburg,Tycho Brahe,Munich,Latin,Latin / German,exile,"Dreyer, Tychonis Brahe Dani Opera Omnia (1913–29)",VIII,365,366,unmarked-only,1,A,yes,no,yes,"Sends two books Tycho requested: the Works of Apollonius of Perga and the astronomical tables of Blanchinus, Prugner, and Peurbach.",https://tekstnet.dk/books/brahe-t_letters/brahe-t_16000923001/,letters/brahe-t_16000923001.html
brahe-t_16000926001,1600-09-26,day,ns,letter,from,Tycho Brahe,The Chapter of Magdeburg Cathedral,Prague,Latin,Latin,exile,"Dreyer, Tychonis Brahe Dani Opera Omnia (1913–29)",XIV,210,212,draft-only,1,A,yes,no,no,"Thanks the Chapter for forwarding his stored goods from Magdeburg to Prague at their own expense, noting the Emperor received this service with favour.",https://tekstnet.dk/books/brahe-t_letters/brahe-t_16000926001/,letters/brahe-t_16000926001.html
brahe-t_16000926002,1600-09-26,day,ns,letter,from,Tycho Brahe,Vitus Winshemius,Prague,Latin,Latin,exile,"Dreyer, Tychonis Brahe Dani Opera Omnia (1913–29)",VIII,366,368,unmarked-only,1,A,yes,no,no,"Acknowledges Duke Otto of Brunswick's requests, encloses a reply for him, and reports his instruments installed in an Italian-style house beside the Emperor's garden at Prague.",https://tekstnet.dk/books/brahe-t_letters/brahe-t_16000926002/,letters/brahe-t_16000926002.html
brahe-t_16000926003,1600-09-26,day,ns,letter,from,Tycho Brahe,Georg Rollenhagen,Prague,Latin,Latin,exile,"Dreyer, Tychonis Brahe Dani Opera Omnia (1913–29)",VIII,368,375,unmarked-only,1,A,yes,no,yes,"Reports his goods arrived in Bohemia and asks Rollenhagen to deliver the enclosed letter to the Dean, explaining that the earlier silence was due to pressing imperial duties.",https://tekstnet.dk/books/brahe-t_letters/brahe-t_16000926003/,letters/brahe-t_16000926003.html
brahe-t_16001008001,1600-10-08,day,ns,letter,from,Tycho Brahe,Melchior Jöstelius,Prague,Latin,Latin,exile,"Dreyer, Tychonis Brahe Dani Opera Omnia (1913–29)",VIII,374,382,unmarked-only,1,A,yes,no,no,"Urges completion of the promised collation, asks what Master Oswald and the printer will undertake, and reports arranging instruments in a new house the Emperor can visit.",https://tekstnet.dk/books/brahe-t_letters/brahe-t_16001008001/,letters/brahe-t_16001008001.html
brahe-t_16001009001,1600-10-09,day,ns,letter,from,Tycho Brahe,The Dean and Doctors of the Faculty of Medicine at Wittenberg,Prague,Latin,Latin,exile,"Dreyer, Tychonis Brahe Dani Opera Omnia (1913–29)",VIII,381,382,unmarked-only,1,A,yes,no,no,"Declines the invitation to the medical doctoral promotion at Wittenberg, citing his obligations to install his astronomical instruments in a new house at Prague by imperial command.",https://tekstnet.dk/books/brahe-t_letters/brahe-t_16001009001/,letters/brahe-t_16001009001.html
brahe-t_16001017001,1600-10-17,day,unmarked,letter,to,Johannes Kepler,Tycho Brahe,Prague,Latin,Latin,exile,"Dreyer, Tychonis Brahe Dani Opera Omnia (1913–29)",VIII,382,385,unmarked-only,1,A,yes,no,yes,Sets out the terms of their contract — two years of astronomical assistance with Imperial backing — and reviews grievances arising from his current situation in Bohemia.,https://tekstnet.dk/books/brahe-t_letters/brahe-t_16001017001/,letters/brahe-t_16001017001.html
brahe-t_16001108001,1600-11-08,day,ns,letter,to,Johann Georg Herwart von Hohenburg,Tycho Brahe,Munich,Latin,Latin / Greek,exile,"Dreyer, Tychonis Brahe Dani Opera Omnia (1913–29)",VIII,384,386,unmarked-only,1,A,yes,no,yes,Reports finding errors in his own calculations from Tycho's worked examples and marvels that Tycho's eclipse calculation of 10 July agrees with observation to within one arc-minute.,https://tekstnet.dk/books/brahe-t_letters/brahe-t_16001108001/,letters/brahe-t_16001108001.html
brahe-t_16001110001,1600-11-10,day,ns,letter,from,Tycho Brahe,"Moritz, Landgrave of Hesse-Kassel",Prague,Latin,Latin,exile,"Dreyer, Tychonis Brahe Dani Opera Omnia (1913–29)",VIII,386,388,unmarked-only,1,A,yes,yes,yes,"Uses Bopenhausen's return to greet the Landgrave, acknowledges the late Landgrave Wilhelm's past favour, and affirms his continued wish to be of service to Hesse-Kassel.",https://tekstnet.dk/books/brahe-t_letters/brahe-t_16001110001/,letters/brahe-t_16001110001.html
brahe-t_16001115001,1600-11-15,day,ns,letter,from,Tycho Brahe,Jacob Bording,Prague,Latin,Latin,exile,"Dreyer, Tychonis Brahe Dani Opera Omnia (1913–29)",XIV,213,215,draft-only,1,A,yes,no,no,"Reports receiving Bording's reply on 600 joachimsthalers owed by the Mecklenburg treasury, now held by Lucas Backmeister until Gödelmann's arrival.",https://tekstnet.dk/books/brahe-t_letters/brahe-t_16001115001/,letters/brahe-t_16001115001.html
brahe-t_16001115002,1600-11-15,day,ns,letter,from,Tycho Brahe,Andreas Meier,Prague,German,German,exile,"Dreyer, Tychonis Brahe Dani Opera Omnia (1913–29)",XIV,212,215,draft-only,1,A,yes,no,no,Reports that Backmeister has received the 600 thalers owed and requests Meier to deliver the next 600 thalers to Gödelmann before his departure to Rostock.,https://tekstnet.dk/books/brahe-t_letters/brahe-t_16001115002/,letters/brahe-t_16001115002.html
brahe-t_16001116001,1600-11-16,day,ns,letter,from,Tycho Brahe,Eske Bille,Prague,Danish,Danish,exile,"Dreyer, Tychonis Brahe Dani Opera Omnia (1913–29)",XIV,215,217,draft-only,1,A,yes,no,no,"Thanks Bille for redeeming a Holstein bond and requests him to ensure the 10,000-thaler principal is recovered from Mecklenburg rent-master Andreas Meier by April 1601.",https://tekstnet.dk/books/brahe-t_letters/brahe-t_16001116001/,letters/brahe-t_16001116001.html
brahe-t_16001116002,1600-11-16,day,ns,letter,from,Tycho Brahe,Christoph Sturtz,Prague,Latin,Latin,exile,"Dreyer, Tychonis Brahe Dani Opera Omnia (1913–29)",VIII,389,390,unmarked-only,1,A,yes,no,yes,"Discusses Swedish and Livonian affairs and leaves to Sturtz's judgement what the late Chytraeus wished inserted in the Historiola, with Gödelmann carrying the relevant documents.",https://tekstnet.dk/books/brahe-t_letters/brahe-t_16001116002/,letters/brahe-t_16001116002.html
brahe-t_16001116003,1600-11-16,day,ns,letter,from,Tycho Brahe,Martin Brasch,Prague,Latin,Latin,exile,"Dreyer, Tychonis Brahe Dani Opera Omnia (1913–29)",VIII,390,391,unmarked-only,1,A,yes,no,no,"Acknowledges agreement on poems by Melissus and Brasch, noting that Gödelmann carries a copy of what Chytraeus wished to insert about his emigration from Denmark.",https://tekstnet.dk/books/brahe-t_letters/brahe-t_16001116003/,letters/brahe-t_16001116003.html
brahe-t_16001118001,1600-11-18,day,ns,letter,from,Tycho Brahe,Melchior Jöstelius,Prague,Latin,Latin,exile,"Dreyer, Tychonis Brahe Dani Opera Omnia (1913–29)",VIII,390,393,unmarked-only,1,A,yes,no,no,"Requests more rigorous presentation of planetary hypotheses, specifying that Ptolemaic/Alphonsine and Copernican data each be used according to their own parameters.",https://tekstnet.dk/books/brahe-t_letters/brahe-t_16001118001/,letters/brahe-t_16001118001.html
brahe-t_16001127001,1600-11-27,day,ns,letter,to,Johann Georg Herwart von Hohenburg,Tycho Brahe,Munich,Latin,Latin,exile,"Dreyer, Tychonis Brahe Dani Opera Omnia (1913–29)",VIII,392,393,unmarked-only,1,A,yes,no,yes,"Reports that Warszewicki did not arrive, expresses concern for Kepler's lack of a secure position, promises to seek astronomical tables, and sends works by Angelus.",https://tekstnet.dk/books/brahe-t_letters/brahe-t_16001127001/,letters/brahe-t_16001127001.html
brahe-t_16001210001,1600-12-10,day,ns,letter,to,Johann Georg Herwart von Hohenburg,Tycho Brahe,Munich,Latin,Latin / Greek,exile,"Dreyer, Tychonis Brahe Dani Opera Omnia (1913–29)",VIII,392,394,unmarked-only,1,A,yes,no,yes,"Sends the Alphonsine Tables and a transcription of Methodius's Revelation, expressing admiration for Tycho's new solar and lunar calculation.",https://tekstnet.dk/books/brahe-t_letters/brahe-t_16001210001/,letters/brahe-t_16001210001.html
brahe-t_16010124001,1601-01-24,day,ns,letter,from,Tycho Brahe,Giovanni Antonio Magini,Prague,Latin,Latin,exile,"Dreyer, Tychonis Brahe Dani Opera Omnia (1913–29)",VIII,393,398,unmarked-only,1,A,yes,no,yes,"Writes via his son accompanying Anthony Sherley's Persian legation to Rome, thanks Magini for handling a confidential commission, and discusses Baldi of Urbino's proposed writing project.",https://tekstnet.dk/books/brahe-t_letters/brahe-t_16010124001/,letters/brahe-t_16010124001.html
brahe-t_16010128001,1601-01-28,day,ns,letter,from,Tycho Brahe,Ferdinando I de' Medici,Prague,Latin,Latin,exile,Bibliotheca mathematica,VIII,397,399,none,0,A,yes,no,no,"Introduces his son Tycho, accompanying Anthony Sherley's Persian legation to Italy, and commends him to the Grand Duke's favour.",https://tekstnet.dk/books/brahe-t_letters/brahe-t_16010128001/,letters/brahe-t_16010128001.html
brahe-t_16010220001,1601-02-20,day,ns,letter,to,Giovanni Antonio Magini,Tycho Brahe,Mantua,Latin,Latin,exile,"Magini, Tabulae primi mobilis (Venice 1604)",VIII,398,401,none,0,A,yes,no,yes,"Explains delay in carrying out Tycho's undisclosed commission, citing reliance on third parties such as Sagredo and the press of domestic obligations.",https://tekstnet.dk/books/brahe-t_letters/brahe-t_16010220001/,letters/brahe-t_16010220001.html
brahe-t_16010308001,1601-03-08,day,os,letter,to,Martin Brasch,Tycho Brahe,Rostock,Latin,Latin,exile,"Dreyer, Tychonis Brahe Dani Opera Omnia (1913–29)",VIII,401,402,unmarked-only,1,A,yes,no,no,"Reports Gödelmann's arrival with word that Tycho received his poem fragment, and asks why the promised materials needed to continue the poem were not sent.",https://tekstnet.dk/books/brahe-t_letters/brahe-t_16010308001/,letters/brahe-t_16010308001.html
brahe-t_16010310001,1601-03-10,day,os,letter,to,Christoph Sturtz,Tycho Brahe,Rostock,Latin,Latin,exile,"Dreyer, Tychonis Brahe Dani Opera Omnia (1913–29)",VIII,374,403,unmarked-only,1,A,yes,no,yes,"Reports Duke Charles's occupation of almost all Livonia, the Polish Diet's resolution to wage war for three years, and personal losses from these events.",https://tekstnet.dk/books/brahe-t_letters/brahe-t_16010310001/,letters/brahe-t_16010310001.html
brahe-t_16010311001,1601-03-11,day,os,letter,to,Lucas Bacmeister,Tycho Brahe,Rostock,Latin,Latin,exile,"Dreyer, Tychonis Brahe Dani Opera Omnia (1913–29)",VIII,403,405,unmarked-only,1,A,yes,no,no,"Reports paying out 600 thalers to Gödelmann on Tycho's behalf, exchanging Belgian for imperial coin, and notes the other 600 thalers will be due at Easter.",https://tekstnet.dk/books/brahe-t_letters/brahe-t_16010311001/,letters/brahe-t_16010311001.html
brahe-t_16010321001,1601-03-21,day,os,letter,to,Christophorus Henniochus,Tycho Brahe,Rostock,Latin,Latin,exile,"Dreyer, Tychonis Brahe Dani Opera Omnia (1913–29)",VIII,406,408,unmarked-only,1,A,yes,no,no,Introduces the bearer as an experienced spagyrist and reports political news about Duke Charles of Sweden's dispute with Lübeck and the recent Polish Diet at Warsaw.,https://tekstnet.dk/books/brahe-t_letters/brahe-t_16010321001/,letters/brahe-t_16010321001.html
brahe-t_16010322001,1601-03-22,day,ns,letter,to,Balthasar Caminaeus,Tycho Brahe,Frankfurt an der Oder,Latin,Latin,exile,"Dreyer, Tychonis Brahe Dani Opera Omnia (1913–29)",VIII,405,406,unmarked-only,1,A,yes,no,no,"Advocates for publication of an unfinished horological work held by a widow, requesting Tycho's name and patronage to bring it to press.",https://tekstnet.dk/books/brahe-t_letters/brahe-t_16010322001/,letters/brahe-t_16010322001.html
brahe-t_16010404001,1601-04-04,day,ns,letter,from,Tycho Brahe,Holger Rosenkrantz,Prague,Danish,Danish,exile,"Dreyer, Tychonis Brahe Dani Opera Omnia (1913–29)",XIV,217,218,copies-only,1,A,yes,no,no,"Announces the planned wedding of his daughter Elisabeth Brahe to Frans Tengnagel at the Curtius house in Prague between Easter and Pentecost, and invites Rosenkrantz.",https://tekstnet.dk/books/brahe-t_letters/brahe-t_16010404001/,letters/brahe-t_16010404001.html
brahe-t_16010405001,1601-04-05,day,ns,letter,from,Tycho Brahe,Holger Rosenkrantz,Prague,Latin,Latin,exile,"Dreyer, Tychonis Brahe Dani Opera Omnia (1913–29)",VIII,407,410,copies-only,1,A,yes,no,no,"Reports persistent efforts to obtain imperial intercession through Vice-Chancellor Coraduz on behalf of Rosenkrantz's cousin, delayed by matters of greater state importance.",https://tekstnet.dk/books/brahe-t_letters/brahe-t_16010405001/,letters/brahe-t_16010405001.html
brahe-t_16010410001,1601-04-10,day,ns,letter,from,Tycho Brahe,"Ulrich III, Duke of Mecklenburg",Prague,German,German,exile,"Dreyer, Tychonis Brahe Dani Opera Omnia (1913–29)",XIV,217,219,original,1,A,yes,no,no,"Reports the Emperor's continued imperial favour and the recent purchase of a large house for 10,000 thalers for his use and astronomical study.",https://tekstnet.dk/books/brahe-t_letters/brahe-t_16010410001/,letters/brahe-t_16010410001.html
brahe-t_16010412001,1601-04-12,day,ns,letter,from,Tycho Brahe,Jacob Bording,Prague,Latin,Latin,exile,"Dreyer, Tychonis Brahe Dani Opera Omnia (1913–29)",XIV,219,220,unmarked-only,1,A,yes,no,no,Follows up on a request to have household goods moved from Lübeck to Hamburg and raises the matter of recovering money from the treasurer of the younger Mecklenburg princes.,https://tekstnet.dk/books/brahe-t_letters/brahe-t_16010412001/,letters/brahe-t_16010412001.html
brahe-t_16010414001,1601-04-14,day,ns,letter,from,Tycho Brahe,Martin Brasch,Prague,Latin,Latin,exile,"Dreyer, Tychonis Brahe Dani Opera Omnia (1913–29)",VIII,409,413,unmarked-only,1,A,yes,no,no,"Sends a copied excerpt on the history of astronomy and directs Brasch to Apian's Astronomicum Caesareum, Reinhold's tables, and Peucer's Sphaera for further sources, leaving composition of a poem to his discretion.",https://tekstnet.dk/books/brahe-t_letters/brahe-t_16010414001/,letters/brahe-t_16010414001.html
brahe-t_16010415001,1601-04-15,day,ns,letter,from,Tycho Brahe,Lucas Bacmeister,Prague,Latin,Latin,exile,"Dreyer, Tychonis Brahe Dani Opera Omnia (1913–29)",VIII,412,415,unmarked-only,1,A,yes,no,no,Thanks Bacmeister for transmitting 600 thalers in interest from the Mecklenburg treasurer and presses for repayment of the outstanding principal via Duke Ulrich's authority as guarantor.,https://tekstnet.dk/books/brahe-t_letters/brahe-t_16010415001/,letters/brahe-t_16010415001.html
brahe-t_16010415002,1601-04-15,day,ns,letter,from,Tycho Brahe,Christoph Sturtz,Prague,Latin,Latin,exile,"Dreyer, Tychonis Brahe Dani Opera Omnia (1913–29)",VIII,414,416,unmarked-only,1,A,yes,no,yes,"Thanks Sturtz for writing and reports political and military news: the Wallachian's new vassal status under the Emperor, Báthory's invasion of Transylvania, and preparations for the renewed Hungarian war.",https://tekstnet.dk/books/brahe-t_letters/brahe-t_16010415002/,letters/brahe-t_16010415002.html
brahe-t_16010415003,1601-04-15,day,ns,letter,from,Tycho Brahe,"Ulrich III, Duke of Mecklenburg",Prague,German,German / Latin,exile,"Dreyer, Tychonis Brahe Dani Opera Omnia (1913–29)",XIV,220,221,original,1,A,yes,no,no,Announces the betrothal of his daughter Elisabeth Brahe to Frans Tengnagel and invites Duke Ulrich to the planned wedding between Easter and Pentecost.,https://tekstnet.dk/books/brahe-t_letters/brahe-t_16010415003/,letters/brahe-t_16010415003.html
brahe-t_16010418001,1601-04-18,day,os,letter,to,Georg Rollenhagen,Tycho Brahe,Magdeburg,Latin,Latin,exile,"Dreyer, Tychonis Brahe Dani Opera Omnia (1913–29)",VIII,407,417,unmarked-only,1,A,yes,no,yes,"Reports forwarding Petkum's reply via a student carrier, notes furnaces from Hamburg delayed by Elbe flooding, and encloses a prognostication on the Turkish war by Dethard Horst.",https://tekstnet.dk/books/brahe-t_letters/brahe-t_16010418001/,letters/brahe-t_16010418001.html
brahe-t_16010430001,1601-04-30,day,ns,letter,from,Tycho Brahe,Ferdinando I de' Medici,Prague,Latin,Latin,exile,"Dreyer, Tychonis Brahe Dani Opera Omnia (1913–29)",VIII,407,420,unmarked-only,1,A,yes,no,no,"Relays his son's report that the Grand Duke dissuaded the Persian Legation leader from bringing the son to Rome, citing danger from rumours about Tycho already circulating in Italy.",https://tekstnet.dk/books/brahe-t_letters/brahe-t_16010430001/,letters/brahe-t_16010430001.html
brahe-t_16010515001,1601-05-15,day,unmarked,letter,to,Georg Rollenhagen,Tycho Brahe,,Latin,Latin,exile,"Dreyer, Tychonis Brahe Dani Opera Omnia (1913–29)",VIII,420,429,unmarked-only,1,A,yes,no,yes,"Describes David Fabricius's visit and his observations, laments Fabricius's pastoral constraints, and reports the Bishop of Cologne's mission to the Emperor concerning election of a King of the Romans.",https://tekstnet.dk/books/brahe-t_letters/brahe-t_16010515001/,letters/brahe-t_16010515001.html
brahe-t_16010527001,1601-05-27,day,ns,letter,from,Tycho Brahe,Andreas Meier,Prague,German,German,exile,"Dreyer, Tychonis Brahe Dani Opera Omnia (1913–29)",XIV,221,222,original,1,A,yes,no,no,"Complains of an unreceived letter and presses Meier for overdue repayment of 10,000 thalers and interest, noting the sum has been pledged to others and kinsman Eske Bille has given assurances.",https://tekstnet.dk/books/brahe-t_letters/brahe-t_16010527001/,letters/brahe-t_16010527001.html
brahe-t_16010529001,1601-05-29,day,ns,act,to,Johannes Müller,addressee unrecorded,Prague,German,German,exile,"Dreyer, Tychonis Brahe Dani Opera Omnia (1913–29)",XIV,221,223,original,1,A,yes,no,no,Müller acknowledges completing one year of imperial-commanded service with Tycho at Prague and records his petition to the Emperor for an honorarium covering expenses and trouble.,https://tekstnet.dk/books/brahe-t_letters/brahe-t_16010529001/,letters/brahe-t_16010529001.html
brahe-t_16010604001,1601-06-04,day,ns,letter,from,Tycho Brahe,"Ulrich III, Duke of Mecklenburg",Prague,German,German,exile,"Dreyer, Tychonis Brahe Dani Opera Omnia (1913–29)",XIV,222,224,original,1,A,yes,no,no,"Presses again for repayment of 10,000 thalers and interest from the young Mecklenburg dukes, noting Duke Ulrich's prior order to rent-master Meier at Easter has gone unfulfilled.",https://tekstnet.dk/books/brahe-t_letters/brahe-t_16010604001/,letters/brahe-t_16010604001.html
brahe-t_16010612001,1601-06-12,day,os,letter,to,Eberhard Schele,Tycho Brahe,Aurich,Latin,Latin / Greek,exile,"Dreyer, Tychonis Brahe Dani Opera Omnia (1913–29)",VIII,407,422,unmarked-only,1,A,yes,no,no,"Inquires whether David Fabricius arrived safely after departing with fears about the dangers of the journey, and commends himself as a friend.",https://tekstnet.dk/books/brahe-t_letters/brahe-t_16010612001/,letters/brahe-t_16010612001.html
brahe-t_16010617001,1601-06-17,day,os,letter,third,"Ulrich III, Duke of Mecklenburg",Eske Bille,Doberan,German,German,exile,"Dreyer, Tychonis Brahe Dani Opera Omnia (1913–29)",XIV,223,225,original,1,A,yes,no,no,"Confirms the 10,000 thalers owed to Tycho fell due at Easter, explains the rent-master's failure to secure promised funds at the last hour, and assures Eske Bille repayment will be arranged.",https://tekstnet.dk/books/brahe-t_letters/brahe-t_16010617001/,letters/brahe-t_16010617001.html
brahe-t_16010718001,1601-07-18,day,ns,letter,from,Tycho Brahe,Andreas Meier,Prague,German,German,exile,"Dreyer, Tychonis Brahe Dani Opera Omnia (1913–29)",XIV,224,226,original,1,A,yes,no,no,"Recounts successive failed repayment deadlines for the 10,000 thalers owed by Mecklenburg, including the recently-passed Midsummer term, and presses Meier for immediate settlement.",https://tekstnet.dk/books/brahe-t_letters/brahe-t_16010718001/,letters/brahe-t_16010718001.html
brahe-t_16010718002,1601-07-18,day,ns,letter,from,Tycho Brahe,"Ulrich III, Duke of Mecklenburg",Prague,German,German,exile,"Dreyer, Tychonis Brahe Dani Opera Omnia (1913–29)",XIV,225,227,original,1,A,yes,no,no,"Renews the demand for repayment of 10,000 thalers and interest from Mecklenburg, recounting the contract terms and the loss caused by failure to pay at the agreed Easter deadline.",https://tekstnet.dk/books/brahe-t_letters/brahe-t_16010718002/,letters/brahe-t_16010718002.html
brahe-t_16010724001,1601-07-24,day,os,letter,to,"Ulrich III, Duke of Mecklenburg",Tycho Brahe,Güstrow,German,German,exile,"Dreyer, Tychonis Brahe Dani Opera Omnia (1913–29)",XIV,226,228,original,1,A,yes,no,no,"Explains that the 10,000 thalers have been lying ready in Güstrow since before Midsummer, and that Tycho need only send to demand them against return of the issued bond.",https://tekstnet.dk/books/brahe-t_letters/brahe-t_16010724001/,letters/brahe-t_16010724001.html
brahe-t_16010724002,1601-07-24,day,unmarked,letter,third,Eske Bille,Andreas Meier,Copenhagen,German,German,exile,"Dreyer, Tychonis Brahe Dani Opera Omnia (1913–29)",XIV,227,229,original,1,A,yes,no,no,"Denies any application for 2,000 thalers at Doberan, reaffirms the earlier call-in of the 10,000 thalers, and recounts the failure of his servant to collect the sum at Easter.",https://tekstnet.dk/books/brahe-t_letters/brahe-t_16010724002/,letters/brahe-t_16010724002.html
brahe-t_16010808001,1601-08-08,day,os,letter,third,Eske Bille,Joachim Stralendorff,Rostock,German,German,exile,"Dreyer, Tychonis Brahe Dani Opera Omnia (1913–29)",XIV,228,230,original,1,A,yes,no,no,"Reports receiving Tycho Brahe's letter claiming 10,000 thalers were paid on St. John's Day, and denies knowledge of a 2,000-thaler demand at Duke Ulrich's court.",https://tekstnet.dk/books/brahe-t_letters/brahe-t_16010808001/,letters/brahe-t_16010808001.html
brahe-t_16010809001,1601-08-09,day,unmarked,letter,third,"Ulrich III, Duke of Mecklenburg",Andreas Meier,Güstrow,German,German,exile,"Dreyer, Tychonis Brahe Dani Opera Omnia (1913–29)",XIV,230,233,original,1,A,yes,no,no,"Encloses Eske Bille's letter on 10,000 thalers owed to Tycho Brahe, confirms the sum is ready, and questions a report of 5,000 thalers remitted to Prague.",https://tekstnet.dk/books/brahe-t_letters/brahe-t_16010809001/,letters/brahe-t_16010809001.html
